⚠ [8089/8232] Replayed LeanCspProver.CSP.Infra_set
warning: LeanCspProver/CSP/Infra_set.lean:286:30: try 'simp' instead of 'simpa'

Note: This linter can be disabled with `set_option linter.unnecessarySimpa false`
warning: LeanCspProver/CSP/Infra_set.lean:282:10: This simp argument is unused:
  _root_.set

Hint: Omit it from the simp argument list.
  simp ̵[̵_̵r̵o̵o̵t̵_̵.̵s̵e̵t̵]̵

Note: This linter can be disabled with `set_option linter.unusedSimpArgs false`
warning: LeanCspProver/CSP/Infra_set.lean:326:12: try 'simp' instead of 'simpa'

Note: This linter can be disabled with `set_option linter.unnecessarySimpa false`
warning: LeanCspProver/CSP/Infra_set.lean:289:100: This line exceeds the 100 character limit, please shorten it!

Note: This linter can be disabled with `set_option linter.style.longLine false`
warning: LeanCspProver/CSP/Infra_set.lean:301:100: This line exceeds the 100 character limit, please shorten it!

Note: This linter can be disabled with `set_option linter.style.longLine false`
warning: LeanCspProver/CSP/Infra_set.lean:451:2: try 'simp' instead of 'simpa'

Note: This linter can be disabled with `set_option linter.unnecessarySimpa false`
warning: LeanCspProver/CSP/Infra_set.lean:604:54: unused variable `hc`

Note: This linter can be disabled with `set_option linter.unusedVariables false`
warning: LeanCspProver/CSP/Infra_set.lean:869:20: try 'simp' instead of 'simpa'

Note: This linter can be disabled with `set_option linter.unnecessarySimpa false`
warning: LeanCspProver/CSP/Infra_set.lean:876:27: try 'simp' instead of 'simpa'

Note: This linter can be disabled with `set_option linter.unnecessarySimpa false`
warning: LeanCspProver/CSP/Infra_set.lean:894:31: try 'simp' instead of 'simpa'

Note: This linter can be disabled with `set_option linter.unnecessarySimpa false`
⚠ [8097/8232] Replayed LeanCspProver.CSP.CSP_syntax
warning: LeanCspProver/CSP/CSP_syntax.lean:186:100: This line exceeds the 100 character limit, please shorten it!

Note: This linter can be disabled with `set_option linter.style.longLine false`
⚠ [8098/8232] Replayed LeanCspProver.CSP.Trace
warning: LeanCspProver/CSP/Trace.lean:24:5: please avoid 'open (scoped) Classical' statements: this can hide theorem statements which would be better stated with explicit decidability statements.
Instead, use `open Classical in` for definitions or instances, the `classical` tactic for proofs.
For theorem statements, either add missing decidability assumptions or use `open Classical in`.

Note: This linter can be disabled with `set_option linter.style.openClassical false`
warning: LeanCspProver/CSP/Trace.lean:60:4: 'simp [Evset] at *' is a flexible tactic modifying '*'. Try 'simp?' and use the suggested 'simp only [...]'. Alternatively, use `suffices` to explicitly state the simplified form.

Note: This linter can be disabled with `set_option linter.flexible false`
info: LeanCspProver/CSP/Trace.lean:61:4: 'rcases he with ⟨a, _, rfl⟩ | he' uses '*'!
warning: LeanCspProver/CSP/Trace.lean:60:4: 'simp [Evset] at *' is a flexible tactic modifying '*'. Try 'simp?' and use the suggested 'simp only [...]'. Alternatively, use `suffices` to explicitly state the simplified form.

Note: This linter can be disabled with `set_option linter.flexible false`
info: LeanCspProver/CSP/Trace.lean:61:4: 'rcases he with ⟨a, _, rfl⟩ | he' uses '*'!
warning: LeanCspProver/CSP/Trace.lean:60:4: 'simp [Evset] at *' is a flexible tactic modifying '*'. Try 'simp?' and use the suggested 'simp only [...]'. Alternatively, use `suffices` to explicitly state the simplified form.

Note: This linter can be disabled with `set_option linter.flexible false`
info: LeanCspProver/CSP/Trace.lean:63:6: 'exact he' uses '*'!
warning: LeanCspProver/CSP/Trace.lean:60:4: 'simp [Evset] at *' is a flexible tactic modifying '*'. Try 'simp?' and use the suggested 'simp only [...]'. Alternatively, use `suffices` to explicitly state the simplified form.

Note: This linter can be disabled with `set_option linter.flexible false`
info: LeanCspProver/CSP/Trace.lean:63:6: 'exact he' uses '*'!
warning: LeanCspProver/CSP/Trace.lean:65:4: 'simp [Evset] at he' is a flexible tactic modifying 'he'. Try 'simp?' and use the suggested 'simp only [...]'. Alternatively, use `suffices` to explicitly state the simplified form.

Note: This linter can be disabled with `set_option linter.flexible false`
info: LeanCspProver/CSP/Trace.lean:65:4: Try this:
  [apply] simp only [Set.mem_union, Set.mem_image] at he
info: LeanCspProver/CSP/Trace.lean:66:4: 'exact Or.inr he' uses 'he'!
warning: LeanCspProver/CSP/Trace.lean:316:2: 'simp [trace] at h ⊢' is a flexible tactic modifying 'h'. Try 'simp?' and use the suggested 'simp only [...]'. Alternatively, use `suffices` to explicitly state the simplified form.

Note: This linter can be disabled with `set_option linter.flexible false`
info: LeanCspProver/CSP/Trace.lean:317:2: 'have := (notin_butlast_decompo (e := Tick) (s := s) (t := t)).mp h' uses 'h'!
warning: LeanCspProver/CSP/Trace.lean:316:2: 'simp [trace] at h ⊢' is a flexible tactic modifying '⊢'. Try 'simp?' and use the suggested 'simp only [...]'. Alternatively, use `suffices` to explicitly state the simplified form.

Note: This linter can be disabled with `set_option linter.flexible false`
info: LeanCspProver/CSP/Trace.lean:318:2: 'rcases this with h' | h'' uses '⊢'!
warning: LeanCspProver/CSP/Trace.lean:316:2: 'simp [trace] at h ⊢' is a flexible tactic modifying '⊢'. Try 'simp?' and use the suggested 'simp only [...]'. Alternatively, use `suffices` to explicitly state the simplified form.

Note: This linter can be disabled with `set_option linter.flexible false`
info: LeanCspProver/CSP/Trace.lean:319:4: 'exact notin_set_butlast h'.1' uses '⊢'!
warning: LeanCspProver/CSP/Trace.lean:316:2: 'simp [trace] at h ⊢' is a flexible tactic modifying '⊢'. Try 'simp?' and use the suggested 'simp only [...]'. Alternatively, use `suffices` to explicitly state the simplified form.

Note: This linter can be disabled with `set_option linter.flexible false`
info: LeanCspProver/CSP/Trace.lean:320:4: 'exact h'.1' uses '⊢'!
warning: LeanCspProver/CSP/Trace.lean:329:4: try 'simp' instead of 'simpa'

Note: This linter can be disabled with `set_option linter.unnecessarySimpa false`
warning: LeanCspProver/CSP/Trace.lean:325:2: 'simp [trace] at h ⊢' is a flexible tactic modifying 'h'. Try 'simp?' and use the suggested 'simp only [...]'. Alternatively, use `suffices` to explicitly state the simplified form.

Note: This linter can be disabled with `set_option linter.flexible false`
info: LeanCspProver/CSP/Trace.lean:326:2: 'have := (notin_butlast_decompo (e := Tick) (s := s) (t := t)).mp h' uses 'h'!
warning: LeanCspProver/CSP/Trace.lean:325:2: 'simp [trace] at h ⊢' is a flexible tactic modifying '⊢'. Try 'simp?' and use the suggested 'simp only [...]'. Alternatively, use `suffices` to explicitly state the simplified form.

Note: This linter can be disabled with `set_option linter.flexible false`
info: LeanCspProver/CSP/Trace.lean:327:2: 'rcases this with h' | h'' uses '⊢'!
warning: LeanCspProver/CSP/Trace.lean:325:2: 'simp [trace] at h ⊢' is a flexible tactic modifying '⊢'. Try 'simp?' and use the suggested 'simp only [...]'. Alternatively, use `suffices` to explicitly state the simplified form.

Note: This linter can be disabled with `set_option linter.flexible false`
info: LeanCspProver/CSP/Trace.lean:328:4: 'exact h'.2' uses '⊢'!
warning: LeanCspProver/CSP/Trace.lean:352:2: 'simp [trace]' is a flexible tactic modifying '⊢'. Try 'simp?' and use the suggested 'simp only [...]'. Alternatively, use `suffices` to explicitly state the simplified form.

Note: This linter can be disabled with `set_option linter.flexible false`
info: LeanCspProver/CSP/Trace.lean:353:2: 'exact (notin_butlast_decompo (e := Tick) (s := s) (t := t)).2 <| Or.inl ⟨hs, by simpa [trace] using ht⟩' uses '⊢'!
warning: LeanCspProver/CSP/Trace.lean:353:100: This line exceeds the 100 character limit, please shorten it!

Note: This linter can be disabled with `set_option linter.style.longLine false`
warning: LeanCspProver/CSP/Trace.lean:394:6: try 'simp' instead of 'simpa'

Note: This linter can be disabled with `set_option linter.unnecessarySimpa false`
warning: LeanCspProver/CSP/Trace.lean:396:6: try 'simp' instead of 'simpa'

Note: This linter can be disabled with `set_option linter.unnecessarySimpa false`
warning: LeanCspProver/CSP/Trace.lean:454:4: Try `simp at hTick` instead of `simpa using hTick`

Note: This linter can be disabled with `set_option linter.unnecessarySimpa false`
warning: LeanCspProver/CSP/Trace.lean:459:2: try 'simp' instead of 'simpa'

Note: This linter can be disabled with `set_option linter.unnecessarySimpa false`
warning: LeanCspProver/CSP/Trace.lean:477:2: try 'simp' instead of 'simpa'

Note: This linter can be disabled with `set_option linter.unnecessarySimpa false`
warning: LeanCspProver/CSP/Trace.lean:573:33: This simp argument is unused:
  Rep_compo_head_in_trace

Hint: Omit it from the simp argument list.
  simp [appt, Abs_trace_inverse,̵ ̵R̵e̵p̵_̵c̵o̵m̵p̵o̵_̵h̵e̵a̵d̵_̵i̵n̵_̵t̵r̵a̵c̵e̵]

Note: This linter can be disabled with `set_option linter.unusedSimpArgs false`
warning: LeanCspProver/CSP/Trace.lean:639:47: This simp argument is unused:
  hsu

Hint: Omit it from the simp argument list.
  simp [appt, Abs_trace_inverse, hst, htu, hs̵u̵,̵ ̵h̵tsu, List.append_assoc]

Note: This linter can be disabled with `set_option linter.unusedSimpArgs false`
warning: LeanCspProver/CSP/Trace.lean:639:52: This simp argument is unused:
  htsu

Hint: Omit it from the simp argument list.
  simp [appt, Abs_trace_inverse, hst, htu, hsu, h̵t̵s̵u̵,̵ ̵List.append_assoc]

Note: This linter can be disabled with `set_option linter.unusedSimpArgs false`
warning: LeanCspProver/CSP/Trace.lean:755:4: 'simp at hst' is a flexible tactic modifying 'hst'. Try 'simp?' and use the suggested 'simp only [...]'. Alternatively, use `suffices` to explicitly state the simplified form.

Note: This linter can be disabled with `set_option linter.flexible false`
info: LeanCspProver/CSP/Trace.lean:755:4: Try this:
  [apply] simp only [noTick_nil, and_true] at hst
info: LeanCspProver/CSP/Trace.lean:756:4: 'exact ⟨by simpa using hst, noTick_nil⟩' uses 'hst'!
warning: LeanCspProver/CSP/Trace.lean:760:2: Try this: intro hs ht hTick
warning: LeanCspProver/CSP/Trace.lean:831:2: 'simp [trace]' is a flexible tactic modifying '⊢'. Try 'simp?' and use the suggested 'simp only [...]'. Alternatively, use `suffices` to explicitly state the simplified form.

Note: This linter can be disabled with `set_option linter.flexible false`
info: LeanCspProver/CSP/Trace.lean:832:2: 'exact notin_set_butlast (by simpa [trace] using hs)' uses '⊢'!
warning: LeanCspProver/CSP/Trace.lean:850:38: This simp argument is unused:
  hsrep

Hint: Omit it from the simp argument list.
  simp [h̵s̵r̵e̵p̵,̵ ̵List.getLast_append_singleton]

Note: This linter can be disabled with `set_option linter.unusedSimpArgs false`
warning: LeanCspProver/CSP/Trace.lean:850:45: This simp argument is unused:
  List.getLast_append_singleton

Hint: Omit it from the simp argument list.
  simp [hsrep,̵ ̵L̵i̵s̵t̵.̵g̵e̵t̵L̵a̵s̵t̵_̵a̵p̵p̵e̵n̵d̵_̵s̵i̵n̵g̵l̵e̵t̵o̵n̵]

Note: This linter can be disabled with `set_option linter.unusedSimpArgs false`
warning: LeanCspProver/CSP/Trace.lean:899:2: try 'simp' instead of 'simpa'

Note: This linter can be disabled with `set_option linter.unnecessarySimpa false`
warning: LeanCspProver/CSP/Trace.lean:940:37: This simp argument is unused:
  appt_head

Hint: Omit it from the simp argument list.
  simp ̵[̵a̵p̵p̵t̵_̵h̵e̵a̵d̵]̵

Note: This linter can be disabled with `set_option linter.unusedSimpArgs false`
warning: LeanCspProver/CSP/Trace.lean:991:2: 'simp [appt, Abs_trace_inverse] at hrep' is a flexible tactic modifying 'hrep'. Try 'simp?' and use the suggested 'simp only [...]'. Alternatively, use `suffices` to explicitly state the simplified form.

Note: This linter can be disabled with `set_option linter.flexible false`
info: LeanCspProver/CSP/Trace.lean:992:2: 'exact ⟨hrep.1, (Rep_trace_inject).mp hrep.2⟩' uses 'hrep'!
warning: LeanCspProver/CSP/Trace.lean:1006:2: 'simp [appt, Abs_trace_inverse, Rep_compo_last_in_trace hs, Rep_compo_last_in_trace ht] at hrep' is a flexible tactic modifying 'hrep'. Try 'simp?' and use the suggested 'simp only [...]'. Alternatively, use `suffices` to explicitly state the simplified form.

Note: This linter can be disabled with `set_option linter.flexible false`
info: LeanCspProver/CSP/Trace.lean:1007:2: 'exact ⟨(Rep_trace_inject).mp hrep.1, hrep.2⟩' uses 'hrep'!
warning: LeanCspProver/CSP/Trace.lean:1029:100: This line exceeds the 100 character limit, please shorten it!

Note: This linter can be disabled with `set_option linter.style.longLine false`
warning: LeanCspProver/CSP/Trace.lean:1070:4: try 'simp' instead of 'simpa'

Note: This linter can be disabled with `set_option linter.unnecessarySimpa false`
warning: LeanCspProver/CSP/Trace.lean:1080:4: try 'simp' instead of 'simpa'

Note: This linter can be disabled with `set_option linter.unnecessarySimpa false`
warning: LeanCspProver/CSP/Trace.lean:1141:8: try 'simp' instead of 'simpa'

Note: This linter can be disabled with `set_option linter.unnecessarySimpa false`
warning: LeanCspProver/CSP/Trace.lean:1151:6: try 'simp' instead of 'simpa'

Note: This linter can be disabled with `set_option linter.unnecessarySimpa false`
warning: LeanCspProver/CSP/Trace.lean:1280:100: This line exceeds the 100 character limit, please shorten it!

Note: This linter can be disabled with `set_option linter.style.longLine false`
warning: LeanCspProver/CSP/Trace.lean:1281:100: This line exceeds the 100 character limit, please shorten it!

Note: This linter can be disabled with `set_option linter.style.longLine false`
warning: LeanCspProver/CSP/Trace.lean:1400:10: try 'simp' instead of 'simpa'

Note: This linter can be disabled with `set_option linter.unnecessarySimpa false`
⚠ [8099/8232] Replayed LeanCspProver.CSP.Prefix
warning: LeanCspProver/CSP/Prefix.lean:148:6: try 'simp' instead of 'simpa'

Note: This linter can be disabled with `set_option linter.unnecessarySimpa false`
warning: LeanCspProver/CSP/Prefix.lean:171:6: Try `simp at hvNo` instead of `simpa using hvNo`

Note: This linter can be disabled with `set_option linter.unnecessarySimpa false`
warning: LeanCspProver/CSP/Prefix.lean:174:8: Try `simp at hEq` instead of `simpa using hEq`

Note: This linter can be disabled with `set_option linter.unnecessarySimpa false`
warning: LeanCspProver/CSP/Prefix.lean:191:8: try 'simp' instead of 'simpa'

Note: This linter can be disabled with `set_option linter.unnecessarySimpa false`
warning: LeanCspProver/CSP/Prefix.lean:198:8: try 'simp' instead of 'simpa'

Note: This linter can be disabled with `set_option linter.unnecessarySimpa false`
warning: LeanCspProver/CSP/Prefix.lean:199:8: try 'simp' instead of 'simpa'

Note: This linter can be disabled with `set_option linter.unnecessarySimpa false`
⚠ [8100/8232] Replayed LeanCspProver.CSP.Trace_hide
warning: LeanCspProver/CSP/Trace_hide.lean:21:5: please avoid 'open (scoped) Classical' statements: this can hide theorem statements which would be better stated with explicit decidability statements.
Instead, use `open Classical in` for definitions or instances, the `classical` tactic for proofs.
For theorem statements, either add missing decidability assumptions or use `open Classical in`.

Note: This linter can be disabled with `set_option linter.style.openClassical false`
⚠ [8102/8232] Replayed LeanCspProver.CSP.CPO
warning: LeanCspProver/CSP/CPO.lean:115:26: try 'simp' instead of 'simpa'

Note: This linter can be disabled with `set_option linter.unnecessarySimpa false`
warning: LeanCspProver/CSP/CPO.lean:244:6: try 'simp' instead of 'simpa'

Note: This linter can be disabled with `set_option linter.unnecessarySimpa false`
warning: LeanCspProver/CSP/CPO.lean:329:6: try 'simp' instead of 'simpa'

Note: This linter can be disabled with `set_option linter.unnecessarySimpa false`
warning: LeanCspProver/CSP/CPO.lean:332:82: try 'simp' instead of 'simpa'

Note: This linter can be disabled with `set_option linter.unnecessarySimpa false`
warning: LeanCspProver/CSP/CPO.lean:427:2: try 'simp' instead of 'simpa'

Note: This linter can be disabled with `set_option linter.unnecessarySimpa false`
⚠ [8106/8232] Replayed LeanCspProver.CSP.CMS
warning: LeanCspProver/CSP/CMS.lean:120:2: Try `simp at hxy` instead of `simpa using hxy`

Note: This linter can be disabled with `set_option linter.unnecessarySimpa false`
warning: LeanCspProver/CSP/CMS.lean:255:2: Try this: intro hx delta hdelta
warning: LeanCspProver/CSP/CMS.lean:407:35: This simp argument is unused:
  Nat.add_assoc

Hint: Omit it from the simp argument list.
  simp [geo_prop, hxs 0,̵ ̵N̵a̵t̵.̵a̵d̵d̵_̵a̵s̵s̵o̵c̵]

Note: This linter can be disabled with `set_option linter.unusedSimpArgs false`
warning: LeanCspProver/CSP/CMS.lean:412:35: This simp argument is unused:
  Nat.add_assoc

Hint: Omit it from the simp argument list.
  simp [prog_sum0,̵ ̵N̵a̵t̵.̵a̵d̵d̵_̵a̵s̵s̵o̵c̵]

Note: This linter can be disabled with `set_option linter.unusedSimpArgs false`
warning: LeanCspProver/CSP/CMS.lean:417:37: This simp argument is unused:
  Nat.add_assoc

Hint: Omit it from the simp argument list.
  simp [prog_sum, prog_sum0, N̵a̵t̵.̵a̵d̵d̵_̵a̵s̵s̵o̵c̵,̵ ̵sub_eq_add_neg, add_assoc, add_left_comm, add_comm]

Note: This linter can be disabled with `set_option linter.unusedSimpArgs false`
warning: LeanCspProver/CSP/CMS.lean:387:2: Try this: intro hcontr hxs n
warning: LeanCspProver/CSP/CMS.lean:497:2: Try this: intro hcontr hxs delta hdelta
⚠ [8108/8232] Replayed LeanCspProver.CSP.RS
warning: LeanCspProver/CSP/RS.lean:284:100: This line exceeds the 100 character limit, please shorten it!

Note: This linter can be disabled with `set_option linter.style.longLine false`
warning: LeanCspProver/CSP/RS.lean:496:4: try 'simp' instead of 'simpa'

Note: This linter can be disabled with `set_option linter.unnecessarySimpa false`
warning: LeanCspProver/CSP/RS.lean:499:4: try 'simp' instead of 'simpa'

Note: This linter can be disabled with `set_option linter.unnecessarySimpa false`
warning: LeanCspProver/CSP/RS.lean:571:100: This line exceeds the 100 character limit, please shorten it!

Note: This linter can be disabled with `set_option linter.style.longLine false`
warning: LeanCspProver/CSP/RS.lean:601:100: This line exceeds the 100 character limit, please shorten it!

Note: This linter can be disabled with `set_option linter.style.longLine false`
warning: LeanCspProver/CSP/RS.lean:660:100: This line exceeds the 100 character limit, please shorten it!

Note: This linter can be disabled with `set_option linter.style.longLine false`
warning: LeanCspProver/CSP/RS.lean:733:55: Try `simp at hle1` instead of `simpa using hle1`

Note: This linter can be disabled with `set_option linter.unnecessarySimpa false`
warning: LeanCspProver/CSP/RS.lean:742:26: This simp argument is unused:
  mul_assoc

Hint: Omit it from the simp argument list.
  simp [hNat, pow_succ, m̵u̵l̵_̵a̵s̵s̵o̵c̵,̵ ̵mul_left_comm, mul_comm]

Note: This linter can be disabled with `set_option linter.unusedSimpArgs false`
warning: LeanCspProver/CSP/RS.lean:742:37: This simp argument is unused:
  mul_left_comm

Hint: Omit it from the simp argument list.
  simp [hNat, pow_succ, mul_assoc, m̵u̵l̵_̵l̵e̵f̵t̵_̵c̵o̵m̵m̵,̵ ̵mul_comm]

Note: This linter can be disabled with `set_option linter.unusedSimpArgs false`
warning: LeanCspProver/CSP/RS.lean:763:100: This line exceeds the 100 character limit, please shorten it!

Note: This linter can be disabled with `set_option linter.style.longLine false`
warning: LeanCspProver/CSP/RS.lean:791:100: This line exceeds the 100 character limit, please shorten it!

Note: This linter can be disabled with `set_option linter.style.longLine false`
warning: LeanCspProver/CSP/RS.lean:792:100: This line exceeds the 100 character limit, please shorten it!

Note: This linter can be disabled with `set_option linter.style.longLine false`
warning: LeanCspProver/CSP/RS.lean:796:100: This line exceeds the 100 character limit, please shorten it!

Note: This linter can be disabled with `set_option linter.style.longLine false`
warning: LeanCspProver/CSP/RS.lean:797:100: This line exceeds the 100 character limit, please shorten it!

Note: This linter can be disabled with `set_option linter.style.longLine false`
warning: LeanCspProver/CSP/RS.lean:828:23: try 'simp' instead of 'simpa'

Note: This linter can be disabled with `set_option linter.unnecessarySimpa false`
warning: LeanCspProver/CSP/RS.lean:928:41: try 'simp' instead of 'simpa'

Note: This linter can be disabled with `set_option linter.unnecessarySimpa false`
warning: LeanCspProver/CSP/RS.lean:925:12: This simp argument is unused:
  hdistA

Hint: Omit it from the simp argument list.
  simp [hdistA̵,̵ ̵h̵d̵i̵s̵t̵B, distance_rs_zero]

Note: This linter can be disabled with `set_option linter.unusedSimpArgs false`
warning: LeanCspProver/CSP/RS.lean:925:20: This simp argument is unused:
  hdistB

Hint: Omit it from the simp argument list.
  simp [hdistA, h̵d̵i̵s̵t̵B̵,̵ ̵distance_rs_zero]

Note: This linter can be disabled with `set_option linter.unusedSimpArgs false`
warning: LeanCspProver/CSP/RS.lean:925:28: This simp argument is unused:
  distance_rs_zero

Hint: Omit it from the simp argument list.
  simp [hdistA, hdistB,̵ ̵d̵i̵s̵t̵a̵n̵c̵e̵_̵r̵s̵_̵z̵e̵r̵o̵]

Note: This linter can be disabled with `set_option linter.unusedSimpArgs false`
⚠ [8109/8232] Replayed LeanCspProver.CSP.RS_pair
warning: LeanCspProver/CSP/RS_pair.lean:259:47: try 'simp' instead of 'simpa'

Note: This linter can be disabled with `set_option linter.unnecessarySimpa false`
warning: LeanCspProver/CSP/RS_pair.lean:274:52: try 'simp' instead of 'simpa'

Note: This linter can be disabled with `set_option linter.unnecessarySimpa false`
warning: LeanCspProver/CSP/RS_pair.lean:389:100: This line exceeds the 100 character limit, please shorten it!

Note: This linter can be disabled with `set_option linter.style.longLine false`
warning: LeanCspProver/CSP/RS_pair.lean:403:100: This line exceeds the 100 character limit, please shorten it!

Note: This linter can be disabled with `set_option linter.style.longLine false`
warning: LeanCspProver/CSP/RS_pair.lean:473:2: Try this: intro hcauchy delta hdelta
warning: LeanCspProver/CSP/RS_pair.lean:489:2: Try this: intro hcauchy delta hdelta
warning: LeanCspProver/CSP/RS_pair.lean:519:2: Try this: intro hnormal n m
warning: LeanCspProver/CSP/RS_pair.lean:533:2: Try this: intro hnormal n m
warning: LeanCspProver/CSP/RS_pair.lean:559:2: Try this: intro hxc hyc n m
warning: LeanCspProver/CSP/RS_pair.lean:588:2: Try this: intro hconv eps heps
warning: LeanCspProver/CSP/RS_pair.lean:604:2: Try this: intro hconv eps heps
warning: LeanCspProver/CSP/RS_pair.lean:624:2: Try this: intro hfst hsnd eps heps
⚠ [8110/8232] Replayed LeanCspProver.CSP.RS_prod
warning: LeanCspProver/CSP/RS_prod.lean:215:8: try 'simp' instead of 'simpa'

Note: This linter can be disabled with `set_option linter.unnecessarySimpa false`
warning: LeanCspProver/CSP/RS_prod.lean:356:2: Try this: intro hcauchy delta hdelta
warning: LeanCspProver/CSP/RS_prod.lean:372:2: Try this: intro hnormal n m
warning: LeanCspProver/CSP/RS_prod.lean:383:2: Try this: intro h n m
warning: LeanCspProver/CSP/RS_prod.lean:411:2: Try this: intro hconv i eps heps
⚠ [8112/8232] Replayed LeanCspProver.CSP.Trace_seq
warning: LeanCspProver/CSP/Trace_seq.lean:68:4: try 'simp' instead of 'simpa'

Note: This linter can be disabled with `set_option linter.unnecessarySimpa false`
warning: LeanCspProver/CSP/Trace_seq.lean:75:15: try 'simp' instead of 'simpa'

Note: This linter can be disabled with `set_option linter.unnecessarySimpa false`
warning: LeanCspProver/CSP/Trace_seq.lean:126:100: This line exceeds the 100 character limit, please shorten it!

Note: This linter can be disabled with `set_option linter.style.longLine false`
warning: LeanCspProver/CSP/Trace_seq.lean:127:100: This line exceeds the 100 character limit, please shorten it!

Note: This linter can be disabled with `set_option linter.style.longLine false`
warning: LeanCspProver/CSP/Trace_seq.lean:196:8: try 'simp' instead of 'simpa'

Note: This linter can be disabled with `set_option linter.unnecessarySimpa false`
warning: LeanCspProver/CSP/Trace_seq.lean:228:100: This line exceeds the 100 character limit, please shorten it!

Note: This linter can be disabled with `set_option linter.style.longLine false`
⚠ [8113/8232] Replayed LeanCspProver.CSP.Trace_ren
warning: LeanCspProver/CSP/Trace_ren.lean:21:5: please avoid 'open (scoped) Classical' statements: this can hide theorem statements which would be better stated with explicit decidability statements.
Instead, use `open Classical in` for definitions or instances, the `classical` tactic for proofs.
For theorem statements, either add missing decidability assumptions or use `open Classical in`.

Note: This linter can be disabled with `set_option linter.style.openClassical false`
⚠ [8117/8232] Replayed LeanCspProver.CSP_T.Domain_T
warning: LeanCspProver/CSP_T/Domain_T.lean:21:5: please avoid 'open (scoped) Classical' statements: this can hide theorem statements which would be better stated with explicit decidability statements.
Instead, use `open Classical in` for definitions or instances, the `classical` tactic for proofs.
For theorem statements, either add missing decidability assumptions or use `open Classical in`.

Note: This linter can be disabled with `set_option linter.style.openClassical false`
warning: LeanCspProver/CSP_T/Domain_T.lean:71:4: try 'simp' instead of 'simpa'

Note: This linter can be disabled with `set_option linter.unnecessarySimpa false`
warning: LeanCspProver/CSP_T/Domain_T.lean:69:4: 'simp at ht' is a flexible tactic modifying 'ht'. Try 'simp?' and use the suggested 'simp only [...]'. Alternatively, use `suffices` to explicitly state the simplified form.

Note: This linter can be disabled with `set_option linter.flexible false`
info: LeanCspProver/CSP_T/Domain_T.lean:69:4: Try this:
  [apply] simp only [Set.mem_singleton_iff] at ht
info: LeanCspProver/CSP_T/Domain_T.lean:70:4: 'subst ht' uses 'ht'!
warning: LeanCspProver/CSP_T/Domain_T.lean:219:4: Try `simp at hNil` instead of `simpa using hNil`

Note: This linter can be disabled with `set_option linter.unnecessarySimpa false`
warning: LeanCspProver/CSP_T/Domain_T.lean:269:4: Try `simp at hnil` instead of `simpa using hnil`

Note: This linter can be disabled with `set_option linter.unnecessarySimpa false`
warning: LeanCspProver/CSP_T/Domain_T.lean:282:4: Try `simp at hT` instead of `simpa using hT`

Note: This linter can be disabled with `set_option linter.unnecessarySimpa false`
warning: LeanCspProver/CSP_T/Domain_T.lean:297:4: Try `simp at hnil` instead of `simpa using hnil`

Note: This linter can be disabled with `set_option linter.unnecessarySimpa false`
warning: LeanCspProver/CSP_T/Domain_T.lean:333:4: Try `simp at hT` instead of `simpa using hT`

Note: This linter can be disabled with `set_option linter.unnecessarySimpa false`
warning: LeanCspProver/CSP_T/Domain_T.lean:381:14: Try `simp at hT` instead of `simpa using hT`

Note: This linter can be disabled with `set_option linter.unnecessarySimpa false`
warning: LeanCspProver/CSP_T/Domain_T.lean:431:100: This line exceeds the 100 character limit, please shorten it!

Note: This linter can be disabled with `set_option linter.style.longLine false`
warning: LeanCspProver/CSP_T/Domain_T.lean:504:4: 'simp [domT_UnT_Rep] at ht' is a flexible tactic modifying 'ht'. Try 'simp?' and use the suggested 'simp only [...]'. Alternatively, use `suffices` to explicitly state the simplified form.

Note: This linter can be disabled with `set_option linter.flexible false`
info: LeanCspProver/CSP_T/Domain_T.lean:505:4: 'rcases ht with ht | ht' uses 'ht'!
warning: LeanCspProver/CSP_T/Domain_T.lean:504:4: 'simp [domT_UnT_Rep] at ht' is a flexible tactic modifying 'ht'. Try 'simp?' and use the suggested 'simp only [...]'. Alternatively, use `suffices` to explicitly state the simplified form.

Note: This linter can be disabled with `set_option linter.flexible false`
info: LeanCspProver/CSP_T/Domain_T.lean:507:6: 'exact ht' uses 'ht'!
⚠ [8119/8232] Replayed LeanCspProver.CSP_T.Domain_T_cms
warning: LeanCspProver/CSP_T/Domain_T_cms.lean:25:5: please avoid 'open (scoped) Classical' statements: this can hide theorem statements which would be better stated with explicit decidability statements.
Instead, use `open Classical in` for definitions or instances, the `classical` tactic for proofs.
For theorem statements, either add missing decidability assumptions or use `open Classical in`.

Note: This linter can be disabled with `set_option linter.style.openClassical false`
⚠ [8120/8232] Replayed LeanCspProver.CSP_T.CSP_T_semantics
warning: LeanCspProver/CSP_T/CSP_T_semantics.lean:25:5: please avoid 'open (scoped) Classical' statements: this can hide theorem statements which would be better stated with explicit decidability statements.
Instead, use `open Classical in` for definitions or instances, the `classical` tactic for proofs.
For theorem statements, either add missing decidability assumptions or use `open Classical in`.

Note: This linter can be disabled with `set_option linter.style.openClassical false`
warning: LeanCspProver/CSP_T/CSP_T_semantics.lean:236:100: This line exceeds the 100 character limit, please shorten it!

Note: This linter can be disabled with `set_option linter.style.longLine false`
warning: LeanCspProver/CSP_T/CSP_T_semantics.lean:240:100: This line exceeds the 100 character limit, please shorten it!

Note: This linter can be disabled with `set_option linter.style.longLine false`
warning: LeanCspProver/CSP_T/CSP_T_semantics.lean:302:100: This line exceeds the 100 character limit, please shorten it!

Note: This linter can be disabled with `set_option linter.style.longLine false`
⚠ [8122/8232] Replayed LeanCspProver.CSP_T.CSP_T_mono
warning: LeanCspProver/CSP_T/CSP_T_mono.lean:41:2: try 'simp' instead of 'simpa'

Note: This linter can be disabled with `set_option linter.unnecessarySimpa false`
warning: LeanCspProver/CSP_T/CSP_T_mono.lean:45:2: try 'simp' instead of 'simpa'

Note: This linter can be disabled with `set_option linter.unnecessarySimpa false`
warning: LeanCspProver/CSP_T/CSP_T_mono.lean:49:2: try 'simp' instead of 'simpa'

Note: This linter can be disabled with `set_option linter.unnecessarySimpa false`
⚠ [8123/8232] Replayed LeanCspProver.CSP_T.CSP_T_continuous
warning: LeanCspProver/CSP_T/CSP_T_continuous.lean:74:100: This line exceeds the 100 character limit, please shorten it!

Note: This linter can be disabled with `set_option linter.style.longLine false`
warning: LeanCspProver/CSP_T/CSP_T_continuous.lean:375:100: This line exceeds the 100 character limit, please shorten it!

Note: This linter can be disabled with `set_option linter.style.longLine false`
⚠ [8125/8232] Replayed LeanCspProver.CSP_T.CSP_T_contraction
warning: LeanCspProver/CSP_T/CSP_T_contraction.lean:161:100: This line exceeds the 100 character limit, please shorten it!

Note: This linter can be disabled with `set_option linter.style.longLine false`
warning: LeanCspProver/CSP_T/CSP_T_contraction.lean:172:100: This line exceeds the 100 character limit, please shorten it!

Note: This linter can be disabled with `set_option linter.style.longLine false`
warning: LeanCspProver/CSP_T/CSP_T_contraction.lean:324:100: This line exceeds the 100 character limit, please shorten it!

Note: This linter can be disabled with `set_option linter.style.longLine false`
⚠ [8126/8232] Replayed LeanCspProver.CSP_T.CSP_T_op_alpha_par
warning: LeanCspProver/CSP_T/CSP_T_op_alpha_par.lean:77:4: try 'simp' instead of 'simpa'

Note: This linter can be disabled with `set_option linter.unnecessarySimpa false`
warning: LeanCspProver/CSP_T/CSP_T_op_alpha_par.lean:79:4: try 'simp' instead of 'simpa'

Note: This linter can be disabled with `set_option linter.unnecessarySimpa false`
⚠ [8131/8232] Replayed LeanCspProver.CSP_T.CSP_T_law_fix
warning: LeanCspProver/CSP_T/CSP_T_law_fix.lean:66:4: try 'simp' instead of 'simpa'

Note: This linter can be disabled with `set_option linter.unnecessarySimpa false`
⚠ [8132/8232] Replayed LeanCspProver.CSP_T.CSP_T_law_alpha_par
warning: LeanCspProver/CSP_T/CSP_T_law_alpha_par.lean:71:8: Try `simp at he'` instead of `simpa using he'`

Note: This linter can be disabled with `set_option linter.unnecessarySimpa false`
⚠ [8134/8232] Replayed LeanCspProver.CSP_T.CSP_T_law_basic
warning: LeanCspProver/CSP_T/CSP_T_law_basic.lean:236:100: This line exceeds the 100 character limit, please shorten it!

Note: This linter can be disabled with `set_option linter.style.longLine false`
⚠ [8136/8232] Replayed LeanCspProver.CSP_T.CSP_T_law_SKIP
warning: LeanCspProver/CSP_T/CSP_T_law_SKIP.lean:122:100: This line exceeds the 100 character limit, please shorten it!

Note: This linter can be disabled with `set_option linter.style.longLine false`
warning: LeanCspProver/CSP_T/CSP_T_law_SKIP.lean:129:100: This line exceeds the 100 character limit, please shorten it!

Note: This linter can be disabled with `set_option linter.style.longLine false`
warning: LeanCspProver/CSP_T/CSP_T_law_SKIP.lean:138:100: This line exceeds the 100 character limit, please shorten it!

Note: This linter can be disabled with `set_option linter.style.longLine false`
warning: LeanCspProver/CSP_T/CSP_T_law_SKIP.lean:139:100: This line exceeds the 100 character limit, please shorten it!

Note: This linter can be disabled with `set_option linter.style.longLine false`
warning: LeanCspProver/CSP_T/CSP_T_law_SKIP.lean:231:35: try 'simp' instead of 'simpa'

Note: This linter can be disabled with `set_option linter.unnecessarySimpa false`
warning: LeanCspProver/CSP_T/CSP_T_law_SKIP.lean:231:35: try 'simp' instead of 'simpa'

Note: This linter can be disabled with `set_option linter.unnecessarySimpa false`
warning: LeanCspProver/CSP_T/CSP_T_law_SKIP.lean:231:100: This line exceeds the 100 character limit, please shorten it!

Note: This linter can be disabled with `set_option linter.style.longLine false`
warning: LeanCspProver/CSP_T/CSP_T_law_SKIP.lean:236:100: This line exceeds the 100 character limit, please shorten it!

Note: This linter can be disabled with `set_option linter.style.longLine false`
⚠ [8138/8232] Replayed LeanCspProver.CSP_T.CSP_T_law_step
warning: LeanCspProver/CSP_T/CSP_T_law_step.lean:315:8: try 'simp' instead of 'simpa'

Note: This linter can be disabled with `set_option linter.unnecessarySimpa false`
warning: LeanCspProver/CSP_T/CSP_T_law_step.lean:321:39: try 'simp' instead of 'simpa'

Note: This linter can be disabled with `set_option linter.unnecessarySimpa false`
warning: LeanCspProver/CSP_T/CSP_T_law_step.lean:301:0: Please, add a comment explaining the need for modifying the maxHeartbeat limit, as in
set_option maxHeartbeats 1000000 in
-- reason for change
...

Note: This linter can be disabled with `set_option linter.style.maxHeartbeats false`
warning: LeanCspProver/CSP_T/CSP_T_law_step.lean:315:100: This line exceeds the 100 character limit, please shorten it!

Note: This linter can be disabled with `set_option linter.style.longLine false`
warning: LeanCspProver/CSP_T/CSP_T_law_step.lean:355:100: This line exceeds the 100 character limit, please shorten it!

Note: This linter can be disabled with `set_option linter.style.longLine false`
warning: LeanCspProver/CSP_T/CSP_T_law_step.lean:418:100: This line exceeds the 100 character limit, please shorten it!

Note: This linter can be disabled with `set_option linter.style.longLine false`
warning: LeanCspProver/CSP_T/CSP_T_law_step.lean:422:100: This line exceeds the 100 character limit, please shorten it!

Note: This linter can be disabled with `set_option linter.style.longLine false`
⚠ [8139/8232] Replayed LeanCspProver.CSP_T.CSP_T_law_DIV
warning: LeanCspProver/CSP_T/CSP_T_law_DIV.lean:70:100: This line exceeds the 100 character limit, please shorten it!

Note: This linter can be disabled with `set_option linter.style.longLine false`
warning: LeanCspProver/CSP_T/CSP_T_law_DIV.lean:119:100: This line exceeds the 100 character limit, please shorten it!

Note: This linter can be disabled with `set_option linter.style.longLine false`
warning: LeanCspProver/CSP_T/CSP_T_law_DIV.lean:126:100: This line exceeds the 100 character limit, please shorten it!

Note: This linter can be disabled with `set_option linter.style.longLine false`
warning: LeanCspProver/CSP_T/CSP_T_law_DIV.lean:135:100: This line exceeds the 100 character limit, please shorten it!

Note: This linter can be disabled with `set_option linter.style.longLine false`
warning: LeanCspProver/CSP_T/CSP_T_law_DIV.lean:136:100: This line exceeds the 100 character limit, please shorten it!

Note: This linter can be disabled with `set_option linter.style.longLine false`
warning: LeanCspProver/CSP_T/CSP_T_law_DIV.lean:183:100: This line exceeds the 100 character limit, please shorten it!

Note: This linter can be disabled with `set_option linter.style.longLine false`
warning: LeanCspProver/CSP_T/CSP_T_law_DIV.lean:213:4: try 'simp' instead of 'simpa'

Note: This linter can be disabled with `set_option linter.unnecessarySimpa false`
warning: LeanCspProver/CSP_T/CSP_T_law_DIV.lean:239:37: try 'simp' instead of 'simpa'

Note: This linter can be disabled with `set_option linter.unnecessarySimpa false`
warning: LeanCspProver/CSP_T/CSP_T_law_DIV.lean:259:35: try 'simp' instead of 'simpa'

Note: This linter can be disabled with `set_option linter.unnecessarySimpa false`
warning: LeanCspProver/CSP_T/CSP_T_law_DIV.lean:270:100: This line exceeds the 100 character limit, please shorten it!

Note: This linter can be disabled with `set_option linter.style.longLine false`
warning: LeanCspProver/CSP_T/CSP_T_law_DIV.lean:282:100: This line exceeds the 100 character limit, please shorten it!

Note: This linter can be disabled with `set_option linter.style.longLine false`
warning: LeanCspProver/CSP_T/CSP_T_law_DIV.lean:287:100: This line exceeds the 100 character limit, please shorten it!

Note: This linter can be disabled with `set_option linter.style.longLine false`
warning: LeanCspProver/CSP_T/CSP_T_law_DIV.lean:339:6: try 'simp' instead of 'simpa'

Note: This linter can be disabled with `set_option linter.unnecessarySimpa false`
warning: LeanCspProver/CSP_T/CSP_T_law_DIV.lean:348:31: This simp argument is unused:
  rmTick_nil

Hint: Omit it from the simp argument list.
  simp ̵[̵r̵m̵T̵i̵c̵k̵_̵n̵i̵l̵]̵

Note: This linter can be disabled with `set_option linter.unusedSimpArgs false`
warning: LeanCspProver/CSP_T/CSP_T_law_DIV.lean:375:10: try 'simp' instead of 'simpa'

Note: This linter can be disabled with `set_option linter.unnecessarySimpa false`
warning: LeanCspProver/CSP_T/CSP_T_law_DIV.lean:384:41: try 'simp' instead of 'simpa'

Note: This linter can be disabled with `set_option linter.unnecessarySimpa false`
warning: LeanCspProver/CSP_T/CSP_T_law_DIV.lean:390:8: try 'simp' instead of 'simpa'

Note: This linter can be disabled with `set_option linter.unnecessarySimpa false`
warning: LeanCspProver/CSP_T/CSP_T_law_DIV.lean:441:35: This simp argument is unused:
  rmTick_nil

Hint: Omit it from the simp argument list.
  simp ̵[̵r̵m̵T̵i̵c̵k̵_̵n̵i̵l̵]̵

Note: This linter can be disabled with `set_option linter.unusedSimpArgs false`
warning: LeanCspProver/CSP_T/CSP_T_law_DIV.lean:478:33: This simp argument is unused:
  rmTick_nil

Hint: Omit it from the simp argument list.
  simp ̵[̵r̵m̵T̵i̵c̵k̵_̵n̵i̵l̵]̵

Note: This linter can be disabled with `set_option linter.unusedSimpArgs false`
warning: LeanCspProver/CSP_T/CSP_T_law_DIV.lean:357:0: Please, add a comment explaining the need for modifying the maxHeartbeat limit, as in
set_option maxHeartbeats 1000000 in
-- reason for change
...

Note: This linter can be disabled with `set_option linter.style.maxHeartbeats false`
warning: LeanCspProver/CSP_T/CSP_T_law_DIV.lean:376:100: This line exceeds the 100 character limit, please shorten it!

Note: This linter can be disabled with `set_option linter.style.longLine false`
warning: LeanCspProver/CSP_T/CSP_T_law_DIV.lean:416:100: This line exceeds the 100 character limit, please shorten it!

Note: This linter can be disabled with `set_option linter.style.longLine false`
warning: LeanCspProver/CSP_T/CSP_T_law_DIV.lean:425:100: This line exceeds the 100 character limit, please shorten it!

Note: This linter can be disabled with `set_option linter.style.longLine false`
warning: LeanCspProver/CSP_T/CSP_T_law_DIV.lean:441:100: This line exceeds the 100 character limit, please shorten it!

Note: This linter can be disabled with `set_option linter.style.longLine false`
warning: LeanCspProver/CSP_T/CSP_T_law_DIV.lean:442:100: This line exceeds the 100 character limit, please shorten it!

Note: This linter can be disabled with `set_option linter.style.longLine false`
warning: LeanCspProver/CSP_T/CSP_T_law_DIV.lean:448:100: This line exceeds the 100 character limit, please shorten it!

Note: This linter can be disabled with `set_option linter.style.longLine false`
warning: LeanCspProver/CSP_T/CSP_T_law_DIV.lean:478:100: This line exceeds the 100 character limit, please shorten it!

Note: This linter can be disabled with `set_option linter.style.longLine false`
warning: LeanCspProver/CSP_T/CSP_T_law_DIV.lean:479:100: This line exceeds the 100 character limit, please shorten it!

Note: This linter can be disabled with `set_option linter.style.longLine false`
warning: LeanCspProver/CSP_T/CSP_T_law_DIV.lean:501:57: try 'simp' instead of 'simpa'

Note: This linter can be disabled with `set_option linter.unnecessarySimpa false`
⚠ [8142/8232] Replayed LeanCspProver.CSP_T.CSP_T_surj
warning: LeanCspProver/CSP_T/CSP_T_surj.lean:17:5: please avoid 'open (scoped) Classical' statements: this can hide theorem statements which would be better stated with explicit decidability statements.
Instead, use `open Classical in` for definitions or instances, the `classical` tactic for proofs.
For theorem statements, either add missing decidability assumptions or use `open Classical in`.

Note: This linter can be disabled with `set_option linter.style.openClassical false`
warning: LeanCspProver/CSP_T/CSP_T_surj.lean:58:100: This line exceeds the 100 character limit, please shorten it!

Note: This linter can be disabled with `set_option linter.style.longLine false`
warning: LeanCspProver/CSP_T/CSP_T_surj.lean:59:100: This line exceeds the 100 character limit, please shorten it!

Note: This linter can be disabled with `set_option linter.style.longLine false`
warning: LeanCspProver/CSP_T/CSP_T_surj.lean:145:6: try 'simp' instead of 'simpa'

Note: This linter can be disabled with `set_option linter.unnecessarySimpa false`
warning: LeanCspProver/CSP_T/CSP_T_surj.lean:181:10: try 'simp' instead of 'simpa'

Note: This linter can be disabled with `set_option linter.unnecessarySimpa false`
warning: LeanCspProver/CSP_T/CSP_T_surj.lean:191:10: try 'simp' instead of 'simpa'

Note: This linter can be disabled with `set_option linter.unnecessarySimpa false`
warning: LeanCspProver/CSP_T/CSP_T_surj.lean:184:10: 'simp [hTick] at hright' is a flexible tactic modifying 'hright'. Try 'simp?' and use the suggested 'simp only [...]'. Alternatively, use `suffices` to explicitly state the simplified form.

Note: This linter can be disabled with `set_option linter.flexible false`
info: LeanCspProver/CSP_T/CSP_T_surj.lean:185:10: 'rcases (in_traces_SKIP (t := t) (M := M)).1 hright with rfl | rfl' uses 'hright'!
warning: LeanCspProver/CSP_T/CSP_T_surj.lean:189:10: 'simp [hTick] at hright' is a flexible tactic modifying 'hright'. Try 'simp?' and use the suggested 'simp only [...]'. Alternatively, use `suffices` to explicitly state the simplified form.

Note: This linter can be disabled with `set_option linter.flexible false`
info: LeanCspProver/CSP_T/CSP_T_surj.lean:190:10: 'rw [in_traces_DIV] at hright' uses 'hright'!
warning: LeanCspProver/CSP_T/CSP_T_surj.lean:213:4: try 'simp' instead of 'simpa'

Note: This linter can be disabled with `set_option linter.unnecessarySimpa false`
⚠ [8144/8232] Replayed LeanCspProver.CSP_F.Domain_F
warning: LeanCspProver/CSP_F/Domain_F.lean:22:5: please avoid 'open (scoped) Classical' statements: this can hide theorem statements which would be better stated with explicit decidability statements.
Instead, use `open Classical in` for definitions or instances, the `classical` tactic for proofs.
For theorem statements, either add missing decidability assumptions or use `open Classical in`.

Note: This linter can be disabled with `set_option linter.style.openClassical false`
warning: LeanCspProver/CSP_F/Domain_F.lean:129:4: The `show` tactic should only be used to indicate intermediate goal states for readability.
However, this tactic invocation changed the goal. Please use `change` instead for these purposes.

Note: This linter can be disabled with `set_option linter.style.show false`
warning: LeanCspProver/CSP_F/Domain_F.lean:169:100: This line exceeds the 100 character limit, please shorten it!

Note: This linter can be disabled with `set_option linter.style.longLine false`
⚠ [8145/8232] Replayed LeanCspProver.CSP_F.Set_F_cms
warning: LeanCspProver/CSP_F/Set_F_cms.lean:163:4: The `show` tactic should only be used to indicate intermediate goal states for readability.
However, this tactic invocation changed the goal. Please use `change` instead for these purposes.

Note: This linter can be disabled with `set_option linter.style.show false`
warning: LeanCspProver/CSP_F/Set_F_cms.lean:423:100: This line exceeds the 100 character limit, please shorten it!

Note: This linter can be disabled with `set_option linter.style.longLine false`
warning: LeanCspProver/CSP_F/Set_F_cms.lean:436:100: This line exceeds the 100 character limit, please shorten it!

Note: This linter can be disabled with `set_option linter.style.longLine false`
warning: LeanCspProver/CSP_F/Set_F_cms.lean:482:100: This line exceeds the 100 character limit, please shorten it!

Note: This linter can be disabled with `set_option linter.style.longLine false`
warning: LeanCspProver/CSP_F/Set_F_cms.lean:483:100: This line exceeds the 100 character limit, please shorten it!

Note: This linter can be disabled with `set_option linter.style.longLine false`
⚠ [8146/8232] Replayed LeanCspProver.CSP_F.Domain_F_cms
warning: LeanCspProver/CSP_F/Domain_F_cms.lean:31:5: please avoid 'open (scoped) Classical' statements: this can hide theorem statements which would be better stated with explicit decidability statements.
Instead, use `open Classical in` for definitions or instances, the `classical` tactic for proofs.
For theorem statements, either add missing decidability assumptions or use `open Classical in`.

Note: This linter can be disabled with `set_option linter.style.openClassical false`
warning: LeanCspProver/CSP_F/Domain_F_cms.lean:376:2: try 'simp' instead of 'simpa'

Note: This linter can be disabled with `set_option linter.unnecessarySimpa false`
warning: LeanCspProver/CSP_F/Domain_F_cms.lean:411:2: try 'simp' instead of 'simpa'

Note: This linter can be disabled with `set_option linter.unnecessarySimpa false`
warning: LeanCspProver/CSP_F/Domain_F_cms.lean:450:100: This line exceeds the 100 character limit, please shorten it!

Note: This linter can be disabled with `set_option linter.style.longLine false`
warning: LeanCspProver/CSP_F/Domain_F_cms.lean:463:100: This line exceeds the 100 character limit, please shorten it!

Note: This linter can be disabled with `set_option linter.style.longLine false`
warning: LeanCspProver/CSP_F/Domain_F_cms.lean:482:100: This line exceeds the 100 character limit, please shorten it!

Note: This linter can be disabled with `set_option linter.style.longLine false`
warning: LeanCspProver/CSP_F/Domain_F_cms.lean:706:4: try 'simp' instead of 'simpa'

Note: This linter can be disabled with `set_option linter.unnecessarySimpa false`
warning: LeanCspProver/CSP_F/Domain_F_cms.lean:744:100: This line exceeds the 100 character limit, please shorten it!

Note: This linter can be disabled with `set_option linter.style.longLine false`
⚠ [8147/8232] Replayed LeanCspProver.CSP_F.CSP_F_semantics
warning: LeanCspProver/CSP_F/CSP_F_semantics.lean:21:5: please avoid 'open (scoped) Classical' statements: this can hide theorem statements which would be better stated with explicit decidability statements.
Instead, use `open Classical in` for definitions or instances, the `classical` tactic for proofs.
For theorem statements, either add missing decidability assumptions or use `open Classical in`.

Note: This linter can be disabled with `set_option linter.style.openClassical false`
warning: LeanCspProver/CSP_F/CSP_F_semantics.lean:236:100: This line exceeds the 100 character limit, please shorten it!

Note: This linter can be disabled with `set_option linter.style.longLine false`
warning: LeanCspProver/CSP_F/CSP_F_semantics.lean:245:4: The `show` tactic should only be used to indicate intermediate goal states for readability.
However, this tactic invocation changed the goal. Please use `change` instead for these purposes.

Note: This linter can be disabled with `set_option linter.style.show false`
⚠ [8148/8232] Replayed LeanCspProver.CSP_F.CSP_F_failures
warning: LeanCspProver/CSP_F/CSP_F_failures.lean:155:25: try 'simp' instead of 'simpa'

Note: This linter can be disabled with `set_option linter.unnecessarySimpa false`
warning: LeanCspProver/CSP_F/CSP_F_failures.lean:159:4: Try `simp at this` instead of `simpa using this`

Note: This linter can be disabled with `set_option linter.unnecessarySimpa false`
warning: LeanCspProver/CSP_F/CSP_F_failures.lean:147:100: This line exceeds the 100 character limit, please shorten it!

Note: This linter can be disabled with `set_option linter.style.longLine false`
warning: LeanCspProver/CSP_F/CSP_F_failures.lean:168:100: This line exceeds the 100 character limit, please shorten it!

Note: This linter can be disabled with `set_option linter.style.longLine false`
warning: LeanCspProver/CSP_F/CSP_F_failures.lean:395:100: This line exceeds the 100 character limit, please shorten it!

Note: This linter can be disabled with `set_option linter.style.longLine false`
warning: LeanCspProver/CSP_F/CSP_F_failures.lean:425:100: This line exceeds the 100 character limit, please shorten it!

Note: This linter can be disabled with `set_option linter.style.longLine false`
⚠ [8149/8232] Replayed LeanCspProver.CSP_F.CSP_F_domain
warning: LeanCspProver/CSP_F/CSP_F_domain.lean:18:5: please avoid 'open (scoped) Classical' statements: this can hide theorem statements which would be better stated with explicit decidability statements.
Instead, use `open Classical in` for definitions or instances, the `classical` tactic for proofs.
For theorem statements, either add missing decidability assumptions or use `open Classical in`.

Note: This linter can be disabled with `set_option linter.style.openClassical false`
warning: LeanCspProver/CSP_F/CSP_F_domain.lean:524:100: This line exceeds the 100 character limit, please shorten it!

Note: This linter can be disabled with `set_option linter.style.longLine false`
warning: LeanCspProver/CSP_F/CSP_F_domain.lean:603:100: This line exceeds the 100 character limit, please shorten it!

Note: This linter can be disabled with `set_option linter.style.longLine false`
warning: LeanCspProver/CSP_F/CSP_F_domain.lean:609:100: This line exceeds the 100 character limit, please shorten it!

Note: This linter can be disabled with `set_option linter.style.longLine false`
warning: LeanCspProver/CSP_F/CSP_F_domain.lean:641:100: This line exceeds the 100 character limit, please shorten it!

Note: This linter can be disabled with `set_option linter.style.longLine false`
warning: LeanCspProver/CSP_F/CSP_F_domain.lean:647:100: This line exceeds the 100 character limit, please shorten it!

Note: This linter can be disabled with `set_option linter.style.longLine false`
⚠ [8151/8232] Replayed LeanCspProver.CSP_F.CSP_F_op_rep_par
warning: LeanCspProver/CSP_F/CSP_F_op_rep_par.lean:52:100: This line exceeds the 100 character limit, please shorten it!

Note: This linter can be disabled with `set_option linter.style.longLine false`
warning: LeanCspProver/CSP_F/CSP_F_op_rep_par.lean:57:100: This line exceeds the 100 character limit, please shorten it!

Note: This linter can be disabled with `set_option linter.style.longLine false`
warning: LeanCspProver/CSP_F/CSP_F_op_rep_par.lean:59:100: This line exceeds the 100 character limit, please shorten it!

Note: This linter can be disabled with `set_option linter.style.longLine false`
warning: LeanCspProver/CSP_F/CSP_F_op_rep_par.lean:177:100: This line exceeds the 100 character limit, please shorten it!

Note: This linter can be disabled with `set_option linter.style.longLine false`
warning: LeanCspProver/CSP_F/CSP_F_op_rep_par.lean:205:100: This line exceeds the 100 character limit, please shorten it!

Note: This linter can be disabled with `set_option linter.style.longLine false`
warning: LeanCspProver/CSP_F/CSP_F_op_rep_par.lean:228:100: This line exceeds the 100 character limit, please shorten it!

Note: This linter can be disabled with `set_option linter.style.longLine false`
warning: LeanCspProver/CSP_F/CSP_F_op_rep_par.lean:257:100: This line exceeds the 100 character limit, please shorten it!

Note: This linter can be disabled with `set_option linter.style.longLine false`
⚠ [8152/8232] Replayed LeanCspProver.CSP_F.CSP_F_contraction
warning: LeanCspProver/CSP_F/CSP_F_contraction.lean:29:5: please avoid 'open (scoped) Classical' statements: this can hide theorem statements which would be better stated with explicit decidability statements.
Instead, use `open Classical in` for definitions or instances, the `classical` tactic for proofs.
For theorem statements, either add missing decidability assumptions or use `open Classical in`.

Note: This linter can be disabled with `set_option linter.style.openClassical false`
warning: LeanCspProver/CSP_F/CSP_F_contraction.lean:149:100: This line exceeds the 100 character limit, please shorten it!

Note: This linter can be disabled with `set_option linter.style.longLine false`
warning: LeanCspProver/CSP_F/CSP_F_contraction.lean:160:100: This line exceeds the 100 character limit, please shorten it!

Note: This linter can be disabled with `set_option linter.style.longLine false`
warning: LeanCspProver/CSP_F/CSP_F_contraction.lean:372:100: This line exceeds the 100 character limit, please shorten it!

Note: This linter can be disabled with `set_option linter.style.longLine false`
warning: LeanCspProver/CSP_F/CSP_F_contraction.lean:384:100: This line exceeds the 100 character limit, please shorten it!

Note: This linter can be disabled with `set_option linter.style.longLine false`
warning: LeanCspProver/CSP_F/CSP_F_contraction.lean:580:100: This line exceeds the 100 character limit, please shorten it!

Note: This linter can be disabled with `set_option linter.style.longLine false`
warning: LeanCspProver/CSP_F/CSP_F_contraction.lean:759:100: This line exceeds the 100 character limit, please shorten it!

Note: This linter can be disabled with `set_option linter.style.longLine false`
⚠ [8153/8232] Replayed LeanCspProver.CSP_F.CSP_F_T_domain
warning: LeanCspProver/CSP_F/CSP_F_T_domain.lean:13:5: please avoid 'open (scoped) Classical' statements: this can hide theorem statements which would be better stated with explicit decidability statements.
Instead, use `open Classical in` for definitions or instances, the `classical` tactic for proofs.
For theorem statements, either add missing decidability assumptions or use `open Classical in`.

Note: This linter can be disabled with `set_option linter.style.openClassical false`
warning: LeanCspProver/CSP_F/CSP_F_T_domain.lean:53:28: try 'simp' instead of 'simpa'

Note: This linter can be disabled with `set_option linter.unnecessarySimpa false`
warning: LeanCspProver/CSP_F/CSP_F_T_domain.lean:58:27: try 'simp' instead of 'simpa'

Note: This linter can be disabled with `set_option linter.unnecessarySimpa false`
warning: LeanCspProver/CSP_F/CSP_F_T_domain.lean:89:30: try 'simp' instead of 'simpa'

Note: This linter can be disabled with `set_option linter.unnecessarySimpa false`
warning: LeanCspProver/CSP_F/CSP_F_T_domain.lean:138:100: This line exceeds the 100 character limit, please shorten it!

Note: This linter can be disabled with `set_option linter.style.longLine false`
warning: LeanCspProver/CSP_F/CSP_F_T_domain.lean:187:100: This line exceeds the 100 character limit, please shorten it!

Note: This linter can be disabled with `set_option linter.style.longLine false`
warning: LeanCspProver/CSP_F/CSP_F_T_domain.lean:188:100: This line exceeds the 100 character limit, please shorten it!

Note: This linter can be disabled with `set_option linter.style.longLine false`
warning: LeanCspProver/CSP_F/CSP_F_T_domain.lean:189:100: This line exceeds the 100 character limit, please shorten it!

Note: This linter can be disabled with `set_option linter.style.longLine false`
⚠ [8156/8232] Replayed LeanCspProver.CSP_F.CSP_F_law_SKIP
warning: LeanCspProver/CSP_F/CSP_F_law_SKIP.lean:80:6: Try `simp at hInter` instead of `simpa using hInter`

Note: This linter can be disabled with `set_option linter.unnecessarySimpa false`
⚠ [8158/8232] Replayed LeanCspProver.CSP_F.CSP_F_law_ref
warning: LeanCspProver/CSP_F/CSP_F_law_ref.lean:444:6: Try `simp at this` instead of `simpa using this`

Note: This linter can be disabled with `set_option linter.unnecessarySimpa false`
⚠ [8163/8232] Replayed LeanCspProver.CSP_F.Domain_F_cpo
warning: LeanCspProver/CSP_F/Domain_F_cpo.lean:29:5: please avoid 'open (scoped) Classical' statements: this can hide theorem statements which would be better stated with explicit decidability statements.
Instead, use `open Classical in` for definitions or instances, the `classical` tactic for proofs.
For theorem statements, either add missing decidability assumptions or use `open Classical in`.

Note: This linter can be disabled with `set_option linter.style.openClassical false`
warning: LeanCspProver/CSP_F/Domain_F_cpo.lean:60:2: Try `simp at this` instead of `simpa using this`

Note: This linter can be disabled with `set_option linter.unnecessarySimpa false`
warning: LeanCspProver/CSP_F/Domain_F_cpo.lean:183:2: Try this: intro hTFs hTFsIn s hs
warning: LeanCspProver/CSP_F/Domain_F_cpo.lean:206:2: Try this: intro hTFs hTFsIn s X Y hsX hNo hY
warning: LeanCspProver/CSP_F/Domain_F_cpo.lean:232:2: Try this: intro hTFs hTFsIn s X hsX
⚠ [8164/8232] Replayed LeanCspProver.CSP_F.CSP_F_continuous
warning: LeanCspProver/CSP_F/CSP_F_continuous.lean:757:4: try 'simp' instead of 'simpa'

Note: This linter can be disabled with `set_option linter.unnecessarySimpa false`
⚠ [8169/8232] Replayed LeanCspProver.CSP_F.CSP_F_surj
warning: LeanCspProver/CSP_F/CSP_F_surj.lean:16:5: please avoid 'open (scoped) Classical' statements: this can hide theorem statements which would be better stated with explicit decidability statements.
Instead, use `open Classical in` for definitions or instances, the `classical` tactic for proofs.
For theorem statements, either add missing decidability assumptions or use `open Classical in`.

Note: This linter can be disabled with `set_option linter.style.openClassical false`
warning: LeanCspProver/CSP_F/CSP_F_surj.lean:66:100: This line exceeds the 100 character limit, please shorten it!

Note: This linter can be disabled with `set_option linter.style.longLine false`
warning: LeanCspProver/CSP_F/CSP_F_surj.lean:316:100: This line exceeds the 100 character limit, please shorten it!

Note: This linter can be disabled with `set_option linter.style.longLine false`
⚠ [8172/8232] Built LeanCspProver.CSP_T.CSP_T_law_SKIP_DIV (11s)
warning: LeanCspProver/CSP_T/CSP_T_law_SKIP_DIV.lean:159:100: This line exceeds the 100 character limit, please shorten it!

Note: This linter can be disabled with `set_option linter.style.longLine false`
warning: LeanCspProver/CSP_T/CSP_T_law_SKIP_DIV.lean:166:100: This line exceeds the 100 character limit, please shorten it!

Note: This linter can be disabled with `set_option linter.style.longLine false`
warning: LeanCspProver/CSP_T/CSP_T_law_SKIP_DIV.lean:175:100: This line exceeds the 100 character limit, please shorten it!

Note: This linter can be disabled with `set_option linter.style.longLine false`
warning: LeanCspProver/CSP_T/CSP_T_law_SKIP_DIV.lean:176:100: This line exceeds the 100 character limit, please shorten it!

Note: This linter can be disabled with `set_option linter.style.longLine false`
warning: LeanCspProver/CSP_T/CSP_T_law_SKIP_DIV.lean:278:4: 'simp' is a flexible tactic modifying '⊢'. Try 'simp?' and use the suggested 'simp only [...]'. Alternatively, use `suffices` to explicitly state the simplified form.

Note: This linter can be disabled with `set_option linter.flexible false`
info: LeanCspProver/CSP_T/CSP_T_law_SKIP_DIV.lean:278:4: Try this:
  [apply] simp only [or_self, ↓reduceIte]
info: LeanCspProver/CSP_T/CSP_T_law_SKIP_DIV.lean:279:4: 'exact cspT_trans_left_eq cspT_Ext_choice_idem cspT_reflex_eq_SKIP' uses '⊢'!
warning: LeanCspProver/CSP_T/CSP_T_law_SKIP_DIV.lean:280:4: 'simp' is a flexible tactic modifying '⊢'. Try 'simp?' and use the suggested 'simp only [...]'. Alternatively, use `suffices` to explicitly state the simplified form.

Note: This linter can be disabled with `set_option linter.flexible false`
info: LeanCspProver/CSP_T/CSP_T_law_SKIP_DIV.lean:280:4: Try this:
  [apply] simp only [reduceCtorEq, or_false, ↓reduceIte]
info: LeanCspProver/CSP_T/CSP_T_law_SKIP_DIV.lean:281:4: 'exact cspT_SKIP_DIV_Ext_choice1' uses '⊢'!
warning: LeanCspProver/CSP_T/CSP_T_law_SKIP_DIV.lean:282:4: 'simp' is a flexible tactic modifying '⊢'. Try 'simp?' and use the suggested 'simp only [...]'. Alternatively, use `suffices` to explicitly state the simplified form.

Note: This linter can be disabled with `set_option linter.flexible false`
info: LeanCspProver/CSP_T/CSP_T_law_SKIP_DIV.lean:282:4: Try this:
  [apply] simp only [reduceCtorEq, or_true, ↓reduceIte]
info: LeanCspProver/CSP_T/CSP_T_law_SKIP_DIV.lean:283:4: 'exact cspT_SKIP_DIV_Ext_choice2' uses '⊢'!
warning: LeanCspProver/CSP_T/CSP_T_law_SKIP_DIV.lean:284:4: 'simp' is a flexible tactic modifying '⊢'. Try 'simp?' and use the suggested 'simp only [...]'. Alternatively, use `suffices` to explicitly state the simplified form.

Note: This linter can be disabled with `set_option linter.flexible false`
info: LeanCspProver/CSP_T/CSP_T_law_SKIP_DIV.lean:284:4: Try this:
  [apply] simp only [reduceCtorEq, or_self, ↓reduceIte]
info: LeanCspProver/CSP_T/CSP_T_law_SKIP_DIV.lean:285:4: 'exact cspT_trans_left_eq cspT_Ext_choice_idem cspT_reflex_eq_DIV' uses '⊢'!
warning: LeanCspProver/CSP_T/CSP_T_law_SKIP_DIV.lean:276:100: This line exceeds the 100 character limit, please shorten it!

Note: This linter can be disabled with `set_option linter.style.longLine false`
warning: LeanCspProver/CSP_T/CSP_T_law_SKIP_DIV.lean:301:4: 'simp' is a flexible tactic modifying '⊢'. Try 'simp?' and use the suggested 'simp only [...]'. Alternatively, use `suffices` to explicitly state the simplified form.

Note: This linter can be disabled with `set_option linter.flexible false`
info: LeanCspProver/CSP_T/CSP_T_law_SKIP_DIV.lean:301:4: Try this:
  [apply] simp only [and_self, ↓reduceIte]
info: LeanCspProver/CSP_T/CSP_T_law_SKIP_DIV.lean:302:4: 'exact cspT_Parallel_term' uses '⊢'!
warning: LeanCspProver/CSP_T/CSP_T_law_SKIP_DIV.lean:303:4: 'simp' is a flexible tactic modifying '⊢'. Try 'simp?' and use the suggested 'simp only [...]'. Alternatively, use `suffices` to explicitly state the simplified form.

Note: This linter can be disabled with `set_option linter.flexible false`
info: LeanCspProver/CSP_T/CSP_T_law_SKIP_DIV.lean:303:4: Try this:
  [apply] simp only [reduceCtorEq, and_false, ↓reduceIte]
info: LeanCspProver/CSP_T/CSP_T_law_SKIP_DIV.lean:304:4: 'exact cspT_SKIP_DIV_Parallel1' uses '⊢'!
warning: LeanCspProver/CSP_T/CSP_T_law_SKIP_DIV.lean:305:4: 'simp' is a flexible tactic modifying '⊢'. Try 'simp?' and use the suggested 'simp only [...]'. Alternatively, use `suffices` to explicitly state the simplified form.

Note: This linter can be disabled with `set_option linter.flexible false`
info: LeanCspProver/CSP_T/CSP_T_law_SKIP_DIV.lean:305:4: Try this:
  [apply] simp only [reduceCtorEq, and_true, ↓reduceIte]
info: LeanCspProver/CSP_T/CSP_T_law_SKIP_DIV.lean:306:4: 'exact cspT_SKIP_DIV_Parallel2' uses '⊢'!
warning: LeanCspProver/CSP_T/CSP_T_law_SKIP_DIV.lean:307:4: 'simp' is a flexible tactic modifying '⊢'. Try 'simp?' and use the suggested 'simp only [...]'. Alternatively, use `suffices` to explicitly state the simplified form.

Note: This linter can be disabled with `set_option linter.flexible false`
info: LeanCspProver/CSP_T/CSP_T_law_SKIP_DIV.lean:307:4: Try this:
  [apply] simp only [reduceCtorEq, and_self, ↓reduceIte]
info: LeanCspProver/CSP_T/CSP_T_law_SKIP_DIV.lean:308:4: 'exact cspT_DIV_Parallel' uses '⊢'!
warning: LeanCspProver/CSP_T/CSP_T_law_SKIP_DIV.lean:299:100: This line exceeds the 100 character limit, please shorten it!

Note: This linter can be disabled with `set_option linter.style.longLine false`
⚠ [8173/8232] Built LeanCspProver.CSP_F.CSP_F_law_alpha_par (11s)
warning: LeanCspProver/CSP_F/CSP_F_law_alpha_par.lean:64:2: 'simp [Alpha_parallel_def]' is a flexible tactic modifying '⊢'. Try 'simp?' and use the suggested 'simp only [...]'. Alternatively, use `suffices` to explicitly state the simplified form.

Note: This linter can be disabled with `set_option linter.flexible false`
info: LeanCspProver/CSP_F/CSP_F_law_alpha_par.lean:72:2: 'exact cspF_trans_left_eq h₁ cspF_Parallel_term' uses '⊢'!
⚠ [8174/8232] Built LeanCspProver.CSP_F.CSP_F_law_SKIP_DIV (12s)
warning: LeanCspProver/CSP_F/CSP_F_law_SKIP_DIV.lean:129:100: This line exceeds the 100 character limit, please shorten it!

Note: This linter can be disabled with `set_option linter.style.longLine false`
warning: LeanCspProver/CSP_F/CSP_F_law_SKIP_DIV.lean:136:100: This line exceeds the 100 character limit, please shorten it!

Note: This linter can be disabled with `set_option linter.style.longLine false`
warning: LeanCspProver/CSP_F/CSP_F_law_SKIP_DIV.lean:145:100: This line exceeds the 100 character limit, please shorten it!

Note: This linter can be disabled with `set_option linter.style.longLine false`
warning: LeanCspProver/CSP_F/CSP_F_law_SKIP_DIV.lean:146:100: This line exceeds the 100 character limit, please shorten it!

Note: This linter can be disabled with `set_option linter.style.longLine false`
warning: LeanCspProver/CSP_F/CSP_F_law_SKIP_DIV.lean:248:4: 'simp' is a flexible tactic modifying '⊢'. Try 'simp?' and use the suggested 'simp only [...]'. Alternatively, use `suffices` to explicitly state the simplified form.

Note: This linter can be disabled with `set_option linter.flexible false`
info: LeanCspProver/CSP_F/CSP_F_law_SKIP_DIV.lean:248:4: Try this:
  [apply] simp only [or_self, ↓reduceIte]
info: LeanCspProver/CSP_F/CSP_F_law_SKIP_DIV.lean:249:4: 'exact cspF_trans_left_eq cspF_Ext_choice_idem cspF_reflex_eq_SKIP' uses '⊢'!
warning: LeanCspProver/CSP_F/CSP_F_law_SKIP_DIV.lean:250:4: 'simp' is a flexible tactic modifying '⊢'. Try 'simp?' and use the suggested 'simp only [...]'. Alternatively, use `suffices` to explicitly state the simplified form.

Note: This linter can be disabled with `set_option linter.flexible false`
info: LeanCspProver/CSP_F/CSP_F_law_SKIP_DIV.lean:250:4: Try this:
  [apply] simp only [reduceCtorEq, or_false, ↓reduceIte]
info: LeanCspProver/CSP_F/CSP_F_law_SKIP_DIV.lean:251:4: 'exact cspF_SKIP_DIV_Ext_choice1' uses '⊢'!
warning: LeanCspProver/CSP_F/CSP_F_law_SKIP_DIV.lean:252:4: 'simp' is a flexible tactic modifying '⊢'. Try 'simp?' and use the suggested 'simp only [...]'. Alternatively, use `suffices` to explicitly state the simplified form.

Note: This linter can be disabled with `set_option linter.flexible false`
info: LeanCspProver/CSP_F/CSP_F_law_SKIP_DIV.lean:252:4: Try this:
  [apply] simp only [reduceCtorEq, or_true, ↓reduceIte]
info: LeanCspProver/CSP_F/CSP_F_law_SKIP_DIV.lean:253:4: 'exact cspF_SKIP_DIV_Ext_choice2' uses '⊢'!
warning: LeanCspProver/CSP_F/CSP_F_law_SKIP_DIV.lean:254:4: 'simp' is a flexible tactic modifying '⊢'. Try 'simp?' and use the suggested 'simp only [...]'. Alternatively, use `suffices` to explicitly state the simplified form.

Note: This linter can be disabled with `set_option linter.flexible false`
info: LeanCspProver/CSP_F/CSP_F_law_SKIP_DIV.lean:254:4: Try this:
  [apply] simp only [reduceCtorEq, or_self, ↓reduceIte]
info: LeanCspProver/CSP_F/CSP_F_law_SKIP_DIV.lean:255:4: 'exact cspF_trans_left_eq cspF_Ext_choice_idem cspF_reflex_eq_DIV' uses '⊢'!
warning: LeanCspProver/CSP_F/CSP_F_law_SKIP_DIV.lean:246:100: This line exceeds the 100 character limit, please shorten it!

Note: This linter can be disabled with `set_option linter.style.longLine false`
warning: LeanCspProver/CSP_F/CSP_F_law_SKIP_DIV.lean:271:4: 'simp' is a flexible tactic modifying '⊢'. Try 'simp?' and use the suggested 'simp only [...]'. Alternatively, use `suffices` to explicitly state the simplified form.

Note: This linter can be disabled with `set_option linter.flexible false`
info: LeanCspProver/CSP_F/CSP_F_law_SKIP_DIV.lean:271:4: Try this:
  [apply] simp only [and_self, ↓reduceIte]
info: LeanCspProver/CSP_F/CSP_F_law_SKIP_DIV.lean:272:4: 'exact cspF_Parallel_term' uses '⊢'!
warning: LeanCspProver/CSP_F/CSP_F_law_SKIP_DIV.lean:273:4: 'simp' is a flexible tactic modifying '⊢'. Try 'simp?' and use the suggested 'simp only [...]'. Alternatively, use `suffices` to explicitly state the simplified form.

Note: This linter can be disabled with `set_option linter.flexible false`
info: LeanCspProver/CSP_F/CSP_F_law_SKIP_DIV.lean:273:4: Try this:
  [apply] simp only [reduceCtorEq, and_false, ↓reduceIte]
info: LeanCspProver/CSP_F/CSP_F_law_SKIP_DIV.lean:274:4: 'exact cspF_SKIP_DIV_Parallel1' uses '⊢'!
warning: LeanCspProver/CSP_F/CSP_F_law_SKIP_DIV.lean:275:4: 'simp' is a flexible tactic modifying '⊢'. Try 'simp?' and use the suggested 'simp only [...]'. Alternatively, use `suffices` to explicitly state the simplified form.

Note: This linter can be disabled with `set_option linter.flexible false`
info: LeanCspProver/CSP_F/CSP_F_law_SKIP_DIV.lean:275:4: Try this:
  [apply] simp only [reduceCtorEq, and_true, ↓reduceIte]
info: LeanCspProver/CSP_F/CSP_F_law_SKIP_DIV.lean:276:4: 'exact cspF_SKIP_DIV_Parallel2' uses '⊢'!
warning: LeanCspProver/CSP_F/CSP_F_law_SKIP_DIV.lean:277:4: 'simp' is a flexible tactic modifying '⊢'. Try 'simp?' and use the suggested 'simp only [...]'. Alternatively, use `suffices` to explicitly state the simplified form.

Note: This linter can be disabled with `set_option linter.flexible false`
info: LeanCspProver/CSP_F/CSP_F_law_SKIP_DIV.lean:277:4: Try this:
  [apply] simp only [reduceCtorEq, and_self, ↓reduceIte]
info: LeanCspProver/CSP_F/CSP_F_law_SKIP_DIV.lean:278:4: 'exact cspF_DIV_Parallel' uses '⊢'!
warning: LeanCspProver/CSP_F/CSP_F_law_SKIP_DIV.lean:269:100: This line exceeds the 100 character limit, please shorten it!

Note: This linter can be disabled with `set_option linter.style.longLine false`
✔ [8175/8232] Built LeanCspProver.CSP_F.CSP_F_law_rep_par (12s)
✔ [8176/8232] Built LeanCspProver.CSP_F.CSP_F_law_dist (12s)
⚠ [8177/8232] Built LeanCspProver.CSP_T.CSP_T_law (13s)
warning: LeanCspProver/CSP_T/CSP_T_law.lean:102:4: 'simp' is a flexible tactic modifying '⊢'. Try 'simp?' and use the suggested 'simp only [...]'. Alternatively, use `suffices` to explicitly state the simplified form.

Note: This linter can be disabled with `set_option linter.flexible false`
info: LeanCspProver/CSP_T/CSP_T_law.lean:102:4: Try this:
  [apply] simp only [or_self, ↓reduceIte]
info: LeanCspProver/CSP_T/CSP_T_law.lean:103:4: 'exact cspT_trans_left_eq cspT_Int_choice_idem cspT_reflex_eq_SKIP' uses '⊢'!
warning: LeanCspProver/CSP_T/CSP_T_law.lean:104:4: 'simp' is a flexible tactic modifying '⊢'. Try 'simp?' and use the suggested 'simp only [...]'. Alternatively, use `suffices` to explicitly state the simplified form.

Note: This linter can be disabled with `set_option linter.flexible false`
info: LeanCspProver/CSP_T/CSP_T_law.lean:104:4: Try this:
  [apply] simp only [reduceCtorEq, or_false, ↓reduceIte]
info: LeanCspProver/CSP_T/CSP_T_law.lean:105:4: 'exact cspT_trans_left_eq cspT_Int_choice_unit_r cspT_reflex_eq_SKIP' uses '⊢'!
warning: LeanCspProver/CSP_T/CSP_T_law.lean:106:4: 'simp' is a flexible tactic modifying '⊢'. Try 'simp?' and use the suggested 'simp only [...]'. Alternatively, use `suffices` to explicitly state the simplified form.

Note: This linter can be disabled with `set_option linter.flexible false`
info: LeanCspProver/CSP_T/CSP_T_law.lean:106:4: Try this:
  [apply] simp only [reduceCtorEq, or_true, ↓reduceIte]
info: LeanCspProver/CSP_T/CSP_T_law.lean:107:4: 'exact cspT_trans_left_eq cspT_Int_choice_unit_l cspT_reflex_eq_SKIP' uses '⊢'!
warning: LeanCspProver/CSP_T/CSP_T_law.lean:108:4: 'simp' is a flexible tactic modifying '⊢'. Try 'simp?' and use the suggested 'simp only [...]'. Alternatively, use `suffices` to explicitly state the simplified form.

Note: This linter can be disabled with `set_option linter.flexible false`
info: LeanCspProver/CSP_T/CSP_T_law.lean:108:4: Try this:
  [apply] simp only [reduceCtorEq, or_self, ↓reduceIte]
info: LeanCspProver/CSP_T/CSP_T_law.lean:109:4: 'exact cspT_trans_left_eq cspT_Int_choice_idem cspT_reflex_eq_DIV' uses '⊢'!
warning: LeanCspProver/CSP_T/CSP_T_law.lean:100:100: This line exceeds the 100 character limit, please shorten it!

Note: This linter can be disabled with `set_option linter.style.longLine false`
warning: LeanCspProver/CSP_T/CSP_T_law.lean:122:4: 'simp [hSkip]' is a flexible tactic modifying '⊢'. Try 'simp?' and use the suggested 'simp only [...]'. Alternatively, use `suffices` to explicitly state the simplified form.

Note: This linter can be disabled with `set_option linter.flexible false`
info: LeanCspProver/CSP_T/CSP_T_law.lean:123:4: 'rw [cspT_eqT_semantics]' uses '⊢'!
warning: LeanCspProver/CSP_T/CSP_T_law.lean:122:4: 'simp [hSkip]' is a flexible tactic modifying '⊢'. Try 'simp?' and use the suggested 'simp only [...]'. Alternatively, use `suffices` to explicitly state the simplified form.

Note: This linter can be disabled with `set_option linter.flexible false`
info: LeanCspProver/CSP_T/CSP_T_law.lean:124:4: 'apply le_antisymm' uses '⊢'!
warning: LeanCspProver/CSP_T/CSP_T_law.lean:122:4: 'simp [hSkip]' is a flexible tactic modifying '⊢'. Try 'simp?' and use the suggested 'simp only [...]'. Alternatively, use `suffices` to explicitly state the simplified form.

Note: This linter can be disabled with `set_option linter.flexible false`
info: LeanCspProver/CSP_T/CSP_T_law.lean:125:6: 'rw [subdomT_iff]' uses '⊢'!
warning: LeanCspProver/CSP_T/CSP_T_law.lean:122:4: 'simp [hSkip]' is a flexible tactic modifying '⊢'. Try 'simp?' and use the suggested 'simp only [...]'. Alternatively, use `suffices` to explicitly state the simplified form.

Note: This linter can be disabled with `set_option linter.flexible false`
info: LeanCspProver/CSP_T/CSP_T_law.lean:126:6: 'intro t ht' uses '⊢'!
warning: LeanCspProver/CSP_T/CSP_T_law.lean:122:4: 'simp [hSkip]' is a flexible tactic modifying '⊢'. Try 'simp?' and use the suggested 'simp only [...]'. Alternatively, use `suffices` to explicitly state the simplified form.

Note: This linter can be disabled with `set_option linter.flexible false`
info: LeanCspProver/CSP_T/CSP_T_law.lean:128:6: 'rw [in_traces_SKIP]' uses '⊢'!
warning: LeanCspProver/CSP_T/CSP_T_law.lean:122:4: 'simp [hSkip]' is a flexible tactic modifying '⊢'. Try 'simp?' and use the suggested 'simp only [...]'. Alternatively, use `suffices` to explicitly state the simplified form.

Note: This linter can be disabled with `set_option linter.flexible false`
info: LeanCspProver/CSP_T/CSP_T_law.lean:129:6: 'rcases ht with rfl | ⟨c, hc, ht⟩' uses '⊢'!
warning: LeanCspProver/CSP_T/CSP_T_law.lean:122:4: 'simp [hSkip]' is a flexible tactic modifying '⊢'. Try 'simp?' and use the suggested 'simp only [...]'. Alternatively, use `suffices` to explicitly state the simplified form.

Note: This linter can be disabled with `set_option linter.flexible false`
info: LeanCspProver/CSP_T/CSP_T_law.lean:130:8: 'exact Or.inl rfl' uses '⊢'!
warning: LeanCspProver/CSP_T/CSP_T_law.lean:122:4: 'simp [hSkip]' is a flexible tactic modifying '⊢'. Try 'simp?' and use the suggested 'simp only [...]'. Alternatively, use `suffices` to explicitly state the simplified form.

Note: This linter can be disabled with `set_option linter.flexible false`
info: LeanCspProver/CSP_T/CSP_T_law.lean:131:8: 'rcases hQ c hc with hSkipC | hDivC' uses '⊢'!
warning: LeanCspProver/CSP_T/CSP_T_law.lean:122:4: 'simp [hSkip]' is a flexible tactic modifying '⊢'. Try 'simp?' and use the suggested 'simp only [...]'. Alternatively, use `suffices` to explicitly state the simplified form.

Note: This linter can be disabled with `set_option linter.flexible false`
info: LeanCspProver/CSP_T/CSP_T_law.lean:134:10: 'exact ht' uses '⊢'!
warning: LeanCspProver/CSP_T/CSP_T_law.lean:122:4: 'simp [hSkip]' is a flexible tactic modifying '⊢'. Try 'simp?' and use the suggested 'simp only [...]'. Alternatively, use `suffices` to explicitly state the simplified form.

Note: This linter can be disabled with `set_option linter.flexible false`
info: LeanCspProver/CSP_T/CSP_T_law.lean:137:10: 'exact Or.inl ht' uses '⊢'!
warning: LeanCspProver/CSP_T/CSP_T_law.lean:122:4: 'simp [hSkip]' is a flexible tactic modifying '⊢'. Try 'simp?' and use the suggested 'simp only [...]'. Alternatively, use `suffices` to explicitly state the simplified form.

Note: This linter can be disabled with `set_option linter.flexible false`
info: LeanCspProver/CSP_T/CSP_T_law.lean:138:6: 'rw [subdomT_iff]' uses '⊢'!
warning: LeanCspProver/CSP_T/CSP_T_law.lean:122:4: 'simp [hSkip]' is a flexible tactic modifying '⊢'. Try 'simp?' and use the suggested 'simp only [...]'. Alternatively, use `suffices` to explicitly state the simplified form.

Note: This linter can be disabled with `set_option linter.flexible false`
info: LeanCspProver/CSP_T/CSP_T_law.lean:139:6: 'intro t ht' uses '⊢'!
warning: LeanCspProver/CSP_T/CSP_T_law.lean:122:4: 'simp [hSkip]' is a flexible tactic modifying '⊢'. Try 'simp?' and use the suggested 'simp only [...]'. Alternatively, use `suffices` to explicitly state the simplified form.

Note: This linter can be disabled with `set_option linter.flexible false`
info: LeanCspProver/CSP_T/CSP_T_law.lean:141:6: 'rw [in_traces_Rep_int_choice_sum]' uses '⊢'!
warning: LeanCspProver/CSP_T/CSP_T_law.lean:122:4: 'simp [hSkip]' is a flexible tactic modifying '⊢'. Try 'simp?' and use the suggested 'simp only [...]'. Alternatively, use `suffices` to explicitly state the simplified form.

Note: This linter can be disabled with `set_option linter.flexible false`
info: LeanCspProver/CSP_T/CSP_T_law.lean:142:6: 'rcases ht with rfl | hTick' uses '⊢'!
warning: LeanCspProver/CSP_T/CSP_T_law.lean:122:4: 'simp [hSkip]' is a flexible tactic modifying '⊢'. Try 'simp?' and use the suggested 'simp only [...]'. Alternatively, use `suffices` to explicitly state the simplified form.

Note: This linter can be disabled with `set_option linter.flexible false`
info: LeanCspProver/CSP_T/CSP_T_law.lean:143:8: 'exact Or.inl rfl' uses '⊢'!
warning: LeanCspProver/CSP_T/CSP_T_law.lean:122:4: 'simp [hSkip]' is a flexible tactic modifying '⊢'. Try 'simp?' and use the suggested 'simp only [...]'. Alternatively, use `suffices` to explicitly state the simplified form.

Note: This linter can be disabled with `set_option linter.flexible false`
info: LeanCspProver/CSP_T/CSP_T_law.lean:145:8: 'refine Or.inr ⟨c, hc, ?_⟩' uses '⊢'!
warning: LeanCspProver/CSP_T/CSP_T_law.lean:122:4: 'simp [hSkip]' is a flexible tactic modifying '⊢'. Try 'simp?' and use the suggested 'simp only [...]'. Alternatively, use `suffices` to explicitly state the simplified form.

Note: This linter can be disabled with `set_option linter.flexible false`
info: LeanCspProver/CSP_T/CSP_T_law.lean:146:8: 'rw [hSkipC, in_traces_SKIP]' uses '⊢'!
warning: LeanCspProver/CSP_T/CSP_T_law.lean:122:4: 'simp [hSkip]' is a flexible tactic modifying '⊢'. Try 'simp?' and use the suggested 'simp only [...]'. Alternatively, use `suffices` to explicitly state the simplified form.

Note: This linter can be disabled with `set_option linter.flexible false`
info: LeanCspProver/CSP_T/CSP_T_law.lean:147:8: 'exact Or.inr hTick' uses '⊢'!
warning: LeanCspProver/CSP_T/CSP_T_law.lean:148:4: 'simp [hSkip]' is a flexible tactic modifying '⊢'. Try 'simp?' and use the suggested 'simp only [...]'. Alternatively, use `suffices` to explicitly state the simplified form.

Note: This linter can be disabled with `set_option linter.flexible false`
info: LeanCspProver/CSP_T/CSP_T_law.lean:149:4: 'have hDiv : ∀ c, c ∈ sumset C → Qf c = proc.DIV := by
  intro c hc
  rcases hQ c hc with hSkipC | hDivC
  · exact False.elim (hSkip ⟨c, hc, hSkipC⟩)
  · exact hDivC' uses '⊢'!
warning: LeanCspProver/CSP_T/CSP_T_law.lean:148:4: 'simp [hSkip]' is a flexible tactic modifying '⊢'. Try 'simp?' and use the suggested 'simp only [...]'. Alternatively, use `suffices` to explicitly state the simplified form.

Note: This linter can be disabled with `set_option linter.flexible false`
info: LeanCspProver/CSP_T/CSP_T_law.lean:154:4: 'rw [cspT_eqT_semantics]' uses '⊢'!
warning: LeanCspProver/CSP_T/CSP_T_law.lean:148:4: 'simp [hSkip]' is a flexible tactic modifying '⊢'. Try 'simp?' and use the suggested 'simp only [...]'. Alternatively, use `suffices` to explicitly state the simplified form.

Note: This linter can be disabled with `set_option linter.flexible false`
info: LeanCspProver/CSP_T/CSP_T_law.lean:155:4: 'apply le_antisymm' uses '⊢'!
warning: LeanCspProver/CSP_T/CSP_T_law.lean:148:4: 'simp [hSkip]' is a flexible tactic modifying '⊢'. Try 'simp?' and use the suggested 'simp only [...]'. Alternatively, use `suffices` to explicitly state the simplified form.

Note: This linter can be disabled with `set_option linter.flexible false`
info: LeanCspProver/CSP_T/CSP_T_law.lean:156:6: 'rw [subdomT_iff]' uses '⊢'!
warning: LeanCspProver/CSP_T/CSP_T_law.lean:148:4: 'simp [hSkip]' is a flexible tactic modifying '⊢'. Try 'simp?' and use the suggested 'simp only [...]'. Alternatively, use `suffices` to explicitly state the simplified form.

Note: This linter can be disabled with `set_option linter.flexible false`
info: LeanCspProver/CSP_T/CSP_T_law.lean:157:6: 'intro t ht' uses '⊢'!
warning: LeanCspProver/CSP_T/CSP_T_law.lean:148:4: 'simp [hSkip]' is a flexible tactic modifying '⊢'. Try 'simp?' and use the suggested 'simp only [...]'. Alternatively, use `suffices` to explicitly state the simplified form.

Note: This linter can be disabled with `set_option linter.flexible false`
info: LeanCspProver/CSP_T/CSP_T_law.lean:159:6: 'rw [in_traces_DIV]' uses '⊢'!
warning: LeanCspProver/CSP_T/CSP_T_law.lean:148:4: 'simp [hSkip]' is a flexible tactic modifying '⊢'. Try 'simp?' and use the suggested 'simp only [...]'. Alternatively, use `suffices` to explicitly state the simplified form.

Note: This linter can be disabled with `set_option linter.flexible false`
info: LeanCspProver/CSP_T/CSP_T_law.lean:160:6: 'rcases ht with rfl | ⟨c, hc, ht⟩' uses '⊢'!
warning: LeanCspProver/CSP_T/CSP_T_law.lean:148:4: 'simp [hSkip]' is a flexible tactic modifying '⊢'. Try 'simp?' and use the suggested 'simp only [...]'. Alternatively, use `suffices` to explicitly state the simplified form.

Note: This linter can be disabled with `set_option linter.flexible false`
info: LeanCspProver/CSP_T/CSP_T_law.lean:164:8: 'exact ht' uses '⊢'!
warning: LeanCspProver/CSP_T/CSP_T_law.lean:148:4: 'simp [hSkip]' is a flexible tactic modifying '⊢'. Try 'simp?' and use the suggested 'simp only [...]'. Alternatively, use `suffices` to explicitly state the simplified form.

Note: This linter can be disabled with `set_option linter.flexible false`
info: LeanCspProver/CSP_T/CSP_T_law.lean:165:6: 'rw [subdomT_iff]' uses '⊢'!
warning: LeanCspProver/CSP_T/CSP_T_law.lean:148:4: 'simp [hSkip]' is a flexible tactic modifying '⊢'. Try 'simp?' and use the suggested 'simp only [...]'. Alternatively, use `suffices` to explicitly state the simplified form.

Note: This linter can be disabled with `set_option linter.flexible false`
info: LeanCspProver/CSP_T/CSP_T_law.lean:166:6: 'intro t ht' uses '⊢'!
warning: LeanCspProver/CSP_T/CSP_T_law.lean:148:4: 'simp [hSkip]' is a flexible tactic modifying '⊢'. Try 'simp?' and use the suggested 'simp only [...]'. Alternatively, use `suffices` to explicitly state the simplified form.

Note: This linter can be disabled with `set_option linter.flexible false`
info: LeanCspProver/CSP_T/CSP_T_law.lean:168:6: 'rw [in_traces_Rep_int_choice_sum]' uses '⊢'!
warning: LeanCspProver/CSP_T/CSP_T_law.lean:148:4: 'simp [hSkip]' is a flexible tactic modifying '⊢'. Try 'simp?' and use the suggested 'simp only [...]'. Alternatively, use `suffices` to explicitly state the simplified form.

Note: This linter can be disabled with `set_option linter.flexible false`
info: LeanCspProver/CSP_T/CSP_T_law.lean:169:6: 'exact Or.inl ht' uses '⊢'!
warning: LeanCspProver/CSP_T/CSP_T_law.lean:180:4: 'simp [hSkip]' is a flexible tactic modifying '⊢'. Try 'simp?' and use the suggested 'simp only [...]'. Alternatively, use `suffices` to explicitly state the simplified form.

Note: This linter can be disabled with `set_option linter.flexible false`
info: LeanCspProver/CSP_T/CSP_T_law.lean:181:4: 'rw [cspT_eqT_semantics]' uses '⊢'!
warning: LeanCspProver/CSP_T/CSP_T_law.lean:180:4: 'simp [hSkip]' is a flexible tactic modifying '⊢'. Try 'simp?' and use the suggested 'simp only [...]'. Alternatively, use `suffices` to explicitly state the simplified form.

Note: This linter can be disabled with `set_option linter.flexible false`
info: LeanCspProver/CSP_T/CSP_T_law.lean:182:4: 'apply le_antisymm' uses '⊢'!
warning: LeanCspProver/CSP_T/CSP_T_law.lean:180:4: 'simp [hSkip]' is a flexible tactic modifying '⊢'. Try 'simp?' and use the suggested 'simp only [...]'. Alternatively, use `suffices` to explicitly state the simplified form.

Note: This linter can be disabled with `set_option linter.flexible false`
info: LeanCspProver/CSP_T/CSP_T_law.lean:183:6: 'rw [subdomT_iff]' uses '⊢'!
warning: LeanCspProver/CSP_T/CSP_T_law.lean:180:4: 'simp [hSkip]' is a flexible tactic modifying '⊢'. Try 'simp?' and use the suggested 'simp only [...]'. Alternatively, use `suffices` to explicitly state the simplified form.

Note: This linter can be disabled with `set_option linter.flexible false`
info: LeanCspProver/CSP_T/CSP_T_law.lean:184:6: 'intro t ht' uses '⊢'!
warning: LeanCspProver/CSP_T/CSP_T_law.lean:180:4: 'simp [hSkip]' is a flexible tactic modifying '⊢'. Try 'simp?' and use the suggested 'simp only [...]'. Alternatively, use `suffices` to explicitly state the simplified form.

Note: This linter can be disabled with `set_option linter.flexible false`
info: LeanCspProver/CSP_T/CSP_T_law.lean:186:6: 'rw [in_traces_SKIP]' uses '⊢'!
warning: LeanCspProver/CSP_T/CSP_T_law.lean:180:4: 'simp [hSkip]' is a flexible tactic modifying '⊢'. Try 'simp?' and use the suggested 'simp only [...]'. Alternatively, use `suffices` to explicitly state the simplified form.

Note: This linter can be disabled with `set_option linter.flexible false`
info: LeanCspProver/CSP_T/CSP_T_law.lean:187:6: 'rcases ht with rfl | ⟨n, hn, ht⟩' uses '⊢'!
warning: LeanCspProver/CSP_T/CSP_T_law.lean:180:4: 'simp [hSkip]' is a flexible tactic modifying '⊢'. Try 'simp?' and use the suggested 'simp only [...]'. Alternatively, use `suffices` to explicitly state the simplified form.

Note: This linter can be disabled with `set_option linter.flexible false`
info: LeanCspProver/CSP_T/CSP_T_law.lean:188:8: 'exact Or.inl rfl' uses '⊢'!
warning: LeanCspProver/CSP_T/CSP_T_law.lean:180:4: 'simp [hSkip]' is a flexible tactic modifying '⊢'. Try 'simp?' and use the suggested 'simp only [...]'. Alternatively, use `suffices` to explicitly state the simplified form.

Note: This linter can be disabled with `set_option linter.flexible false`
info: LeanCspProver/CSP_T/CSP_T_law.lean:189:8: 'rcases hQ n hn with hSkipN | hDivN' uses '⊢'!
warning: LeanCspProver/CSP_T/CSP_T_law.lean:180:4: 'simp [hSkip]' is a flexible tactic modifying '⊢'. Try 'simp?' and use the suggested 'simp only [...]'. Alternatively, use `suffices` to explicitly state the simplified form.

Note: This linter can be disabled with `set_option linter.flexible false`
info: LeanCspProver/CSP_T/CSP_T_law.lean:192:10: 'exact ht' uses '⊢'!
warning: LeanCspProver/CSP_T/CSP_T_law.lean:180:4: 'simp [hSkip]' is a flexible tactic modifying '⊢'. Try 'simp?' and use the suggested 'simp only [...]'. Alternatively, use `suffices` to explicitly state the simplified form.

Note: This linter can be disabled with `set_option linter.flexible false`
info: LeanCspProver/CSP_T/CSP_T_law.lean:195:10: 'exact Or.inl ht' uses '⊢'!
warning: LeanCspProver/CSP_T/CSP_T_law.lean:180:4: 'simp [hSkip]' is a flexible tactic modifying '⊢'. Try 'simp?' and use the suggested 'simp only [...]'. Alternatively, use `suffices` to explicitly state the simplified form.

Note: This linter can be disabled with `set_option linter.flexible false`
info: LeanCspProver/CSP_T/CSP_T_law.lean:196:6: 'rw [subdomT_iff]' uses '⊢'!
warning: LeanCspProver/CSP_T/CSP_T_law.lean:180:4: 'simp [hSkip]' is a flexible tactic modifying '⊢'. Try 'simp?' and use the suggested 'simp only [...]'. Alternatively, use `suffices` to explicitly state the simplified form.

Note: This linter can be disabled with `set_option linter.flexible false`
info: LeanCspProver/CSP_T/CSP_T_law.lean:197:6: 'intro t ht' uses '⊢'!
warning: LeanCspProver/CSP_T/CSP_T_law.lean:180:4: 'simp [hSkip]' is a flexible tactic modifying '⊢'. Try 'simp?' and use the suggested 'simp only [...]'. Alternatively, use `suffices` to explicitly state the simplified form.

Note: This linter can be disabled with `set_option linter.flexible false`
info: LeanCspProver/CSP_T/CSP_T_law.lean:199:6: 'rw [in_traces_Rep_int_choice_nat]' uses '⊢'!
warning: LeanCspProver/CSP_T/CSP_T_law.lean:180:4: 'simp [hSkip]' is a flexible tactic modifying '⊢'. Try 'simp?' and use the suggested 'simp only [...]'. Alternatively, use `suffices` to explicitly state the simplified form.

Note: This linter can be disabled with `set_option linter.flexible false`
info: LeanCspProver/CSP_T/CSP_T_law.lean:200:6: 'rcases ht with rfl | hTick' uses '⊢'!
warning: LeanCspProver/CSP_T/CSP_T_law.lean:180:4: 'simp [hSkip]' is a flexible tactic modifying '⊢'. Try 'simp?' and use the suggested 'simp only [...]'. Alternatively, use `suffices` to explicitly state the simplified form.

Note: This linter can be disabled with `set_option linter.flexible false`
info: LeanCspProver/CSP_T/CSP_T_law.lean:201:8: 'exact Or.inl rfl' uses '⊢'!
warning: LeanCspProver/CSP_T/CSP_T_law.lean:180:4: 'simp [hSkip]' is a flexible tactic modifying '⊢'. Try 'simp?' and use the suggested 'simp only [...]'. Alternatively, use `suffices` to explicitly state the simplified form.

Note: This linter can be disabled with `set_option linter.flexible false`
info: LeanCspProver/CSP_T/CSP_T_law.lean:203:8: 'refine Or.inr ⟨n, hn, ?_⟩' uses '⊢'!
warning: LeanCspProver/CSP_T/CSP_T_law.lean:180:4: 'simp [hSkip]' is a flexible tactic modifying '⊢'. Try 'simp?' and use the suggested 'simp only [...]'. Alternatively, use `suffices` to explicitly state the simplified form.

Note: This linter can be disabled with `set_option linter.flexible false`
info: LeanCspProver/CSP_T/CSP_T_law.lean:204:8: 'rw [hSkipN, in_traces_SKIP]' uses '⊢'!
warning: LeanCspProver/CSP_T/CSP_T_law.lean:180:4: 'simp [hSkip]' is a flexible tactic modifying '⊢'. Try 'simp?' and use the suggested 'simp only [...]'. Alternatively, use `suffices` to explicitly state the simplified form.

Note: This linter can be disabled with `set_option linter.flexible false`
info: LeanCspProver/CSP_T/CSP_T_law.lean:205:8: 'exact Or.inr hTick' uses '⊢'!
warning: LeanCspProver/CSP_T/CSP_T_law.lean:206:4: 'simp [hSkip]' is a flexible tactic modifying '⊢'. Try 'simp?' and use the suggested 'simp only [...]'. Alternatively, use `suffices` to explicitly state the simplified form.

Note: This linter can be disabled with `set_option linter.flexible false`
info: LeanCspProver/CSP_T/CSP_T_law.lean:207:4: 'have hDiv : ∀ n, n ∈ N → Qf n = proc.DIV := by
  intro n hn
  rcases hQ n hn with hSkipN | hDivN
  · exact False.elim (hSkip ⟨n, hn, hSkipN⟩)
  · exact hDivN' uses '⊢'!
warning: LeanCspProver/CSP_T/CSP_T_law.lean:206:4: 'simp [hSkip]' is a flexible tactic modifying '⊢'. Try 'simp?' and use the suggested 'simp only [...]'. Alternatively, use `suffices` to explicitly state the simplified form.

Note: This linter can be disabled with `set_option linter.flexible false`
info: LeanCspProver/CSP_T/CSP_T_law.lean:212:4: 'rw [cspT_eqT_semantics]' uses '⊢'!
warning: LeanCspProver/CSP_T/CSP_T_law.lean:206:4: 'simp [hSkip]' is a flexible tactic modifying '⊢'. Try 'simp?' and use the suggested 'simp only [...]'. Alternatively, use `suffices` to explicitly state the simplified form.

Note: This linter can be disabled with `set_option linter.flexible false`
info: LeanCspProver/CSP_T/CSP_T_law.lean:213:4: 'apply le_antisymm' uses '⊢'!
warning: LeanCspProver/CSP_T/CSP_T_law.lean:206:4: 'simp [hSkip]' is a flexible tactic modifying '⊢'. Try 'simp?' and use the suggested 'simp only [...]'. Alternatively, use `suffices` to explicitly state the simplified form.

Note: This linter can be disabled with `set_option linter.flexible false`
info: LeanCspProver/CSP_T/CSP_T_law.lean:214:6: 'rw [subdomT_iff]' uses '⊢'!
warning: LeanCspProver/CSP_T/CSP_T_law.lean:206:4: 'simp [hSkip]' is a flexible tactic modifying '⊢'. Try 'simp?' and use the suggested 'simp only [...]'. Alternatively, use `suffices` to explicitly state the simplified form.

Note: This linter can be disabled with `set_option linter.flexible false`
info: LeanCspProver/CSP_T/CSP_T_law.lean:215:6: 'intro t ht' uses '⊢'!
warning: LeanCspProver/CSP_T/CSP_T_law.lean:206:4: 'simp [hSkip]' is a flexible tactic modifying '⊢'. Try 'simp?' and use the suggested 'simp only [...]'. Alternatively, use `suffices` to explicitly state the simplified form.

Note: This linter can be disabled with `set_option linter.flexible false`
info: LeanCspProver/CSP_T/CSP_T_law.lean:217:6: 'rw [in_traces_DIV]' uses '⊢'!
warning: LeanCspProver/CSP_T/CSP_T_law.lean:206:4: 'simp [hSkip]' is a flexible tactic modifying '⊢'. Try 'simp?' and use the suggested 'simp only [...]'. Alternatively, use `suffices` to explicitly state the simplified form.

Note: This linter can be disabled with `set_option linter.flexible false`
info: LeanCspProver/CSP_T/CSP_T_law.lean:218:6: 'rcases ht with rfl | ⟨n, hn, ht⟩' uses '⊢'!
warning: LeanCspProver/CSP_T/CSP_T_law.lean:206:4: 'simp [hSkip]' is a flexible tactic modifying '⊢'. Try 'simp?' and use the suggested 'simp only [...]'. Alternatively, use `suffices` to explicitly state the simplified form.

Note: This linter can be disabled with `set_option linter.flexible false`
info: LeanCspProver/CSP_T/CSP_T_law.lean:222:8: 'exact ht' uses '⊢'!
warning: LeanCspProver/CSP_T/CSP_T_law.lean:206:4: 'simp [hSkip]' is a flexible tactic modifying '⊢'. Try 'simp?' and use the suggested 'simp only [...]'. Alternatively, use `suffices` to explicitly state the simplified form.

Note: This linter can be disabled with `set_option linter.flexible false`
info: LeanCspProver/CSP_T/CSP_T_law.lean:223:6: 'rw [subdomT_iff]' uses '⊢'!
warning: LeanCspProver/CSP_T/CSP_T_law.lean:206:4: 'simp [hSkip]' is a flexible tactic modifying '⊢'. Try 'simp?' and use the suggested 'simp only [...]'. Alternatively, use `suffices` to explicitly state the simplified form.

Note: This linter can be disabled with `set_option linter.flexible false`
info: LeanCspProver/CSP_T/CSP_T_law.lean:224:6: 'intro t ht' uses '⊢'!
warning: LeanCspProver/CSP_T/CSP_T_law.lean:206:4: 'simp [hSkip]' is a flexible tactic modifying '⊢'. Try 'simp?' and use the suggested 'simp only [...]'. Alternatively, use `suffices` to explicitly state the simplified form.

Note: This linter can be disabled with `set_option linter.flexible false`
info: LeanCspProver/CSP_T/CSP_T_law.lean:226:6: 'rw [in_traces_Rep_int_choice_nat]' uses '⊢'!
warning: LeanCspProver/CSP_T/CSP_T_law.lean:206:4: 'simp [hSkip]' is a flexible tactic modifying '⊢'. Try 'simp?' and use the suggested 'simp only [...]'. Alternatively, use `suffices` to explicitly state the simplified form.

Note: This linter can be disabled with `set_option linter.flexible false`
info: LeanCspProver/CSP_T/CSP_T_law.lean:227:6: 'exact Or.inl ht' uses '⊢'!
warning: LeanCspProver/CSP_T/CSP_T_law.lean:238:4: 'simp [hSkip]' is a flexible tactic modifying '⊢'. Try 'simp?' and use the suggested 'simp only [...]'. Alternatively, use `suffices` to explicitly state the simplified form.

Note: This linter can be disabled with `set_option linter.flexible false`
info: LeanCspProver/CSP_T/CSP_T_law.lean:239:4: 'rw [cspT_eqT_semantics]' uses '⊢'!
warning: LeanCspProver/CSP_T/CSP_T_law.lean:238:4: 'simp [hSkip]' is a flexible tactic modifying '⊢'. Try 'simp?' and use the suggested 'simp only [...]'. Alternatively, use `suffices` to explicitly state the simplified form.

Note: This linter can be disabled with `set_option linter.flexible false`
info: LeanCspProver/CSP_T/CSP_T_law.lean:240:4: 'apply le_antisymm' uses '⊢'!
warning: LeanCspProver/CSP_T/CSP_T_law.lean:238:4: 'simp [hSkip]' is a flexible tactic modifying '⊢'. Try 'simp?' and use the suggested 'simp only [...]'. Alternatively, use `suffices` to explicitly state the simplified form.

Note: This linter can be disabled with `set_option linter.flexible false`
info: LeanCspProver/CSP_T/CSP_T_law.lean:241:6: 'rw [subdomT_iff]' uses '⊢'!
warning: LeanCspProver/CSP_T/CSP_T_law.lean:238:4: 'simp [hSkip]' is a flexible tactic modifying '⊢'. Try 'simp?' and use the suggested 'simp only [...]'. Alternatively, use `suffices` to explicitly state the simplified form.

Note: This linter can be disabled with `set_option linter.flexible false`
info: LeanCspProver/CSP_T/CSP_T_law.lean:242:6: 'intro t ht' uses '⊢'!
warning: LeanCspProver/CSP_T/CSP_T_law.lean:238:4: 'simp [hSkip]' is a flexible tactic modifying '⊢'. Try 'simp?' and use the suggested 'simp only [...]'. Alternatively, use `suffices` to explicitly state the simplified form.

Note: This linter can be disabled with `set_option linter.flexible false`
info: LeanCspProver/CSP_T/CSP_T_law.lean:244:6: 'rw [in_traces_SKIP]' uses '⊢'!
warning: LeanCspProver/CSP_T/CSP_T_law.lean:238:4: 'simp [hSkip]' is a flexible tactic modifying '⊢'. Try 'simp?' and use the suggested 'simp only [...]'. Alternatively, use `suffices` to explicitly state the simplified form.

Note: This linter can be disabled with `set_option linter.flexible false`
info: LeanCspProver/CSP_T/CSP_T_law.lean:245:6: 'rcases ht with rfl | ⟨X, hX, ht⟩' uses '⊢'!
warning: LeanCspProver/CSP_T/CSP_T_law.lean:238:4: 'simp [hSkip]' is a flexible tactic modifying '⊢'. Try 'simp?' and use the suggested 'simp only [...]'. Alternatively, use `suffices` to explicitly state the simplified form.

Note: This linter can be disabled with `set_option linter.flexible false`
info: LeanCspProver/CSP_T/CSP_T_law.lean:246:8: 'exact Or.inl rfl' uses '⊢'!
warning: LeanCspProver/CSP_T/CSP_T_law.lean:238:4: 'simp [hSkip]' is a flexible tactic modifying '⊢'. Try 'simp?' and use the suggested 'simp only [...]'. Alternatively, use `suffices` to explicitly state the simplified form.

Note: This linter can be disabled with `set_option linter.flexible false`
info: LeanCspProver/CSP_T/CSP_T_law.lean:247:8: 'rcases hQ X hX with hSkipX | hDivX' uses '⊢'!
warning: LeanCspProver/CSP_T/CSP_T_law.lean:238:4: 'simp [hSkip]' is a flexible tactic modifying '⊢'. Try 'simp?' and use the suggested 'simp only [...]'. Alternatively, use `suffices` to explicitly state the simplified form.

Note: This linter can be disabled with `set_option linter.flexible false`
info: LeanCspProver/CSP_T/CSP_T_law.lean:250:10: 'exact ht' uses '⊢'!
warning: LeanCspProver/CSP_T/CSP_T_law.lean:238:4: 'simp [hSkip]' is a flexible tactic modifying '⊢'. Try 'simp?' and use the suggested 'simp only [...]'. Alternatively, use `suffices` to explicitly state the simplified form.

Note: This linter can be disabled with `set_option linter.flexible false`
info: LeanCspProver/CSP_T/CSP_T_law.lean:253:10: 'exact Or.inl ht' uses '⊢'!
warning: LeanCspProver/CSP_T/CSP_T_law.lean:238:4: 'simp [hSkip]' is a flexible tactic modifying '⊢'. Try 'simp?' and use the suggested 'simp only [...]'. Alternatively, use `suffices` to explicitly state the simplified form.

Note: This linter can be disabled with `set_option linter.flexible false`
info: LeanCspProver/CSP_T/CSP_T_law.lean:254:6: 'rw [subdomT_iff]' uses '⊢'!
warning: LeanCspProver/CSP_T/CSP_T_law.lean:238:4: 'simp [hSkip]' is a flexible tactic modifying '⊢'. Try 'simp?' and use the suggested 'simp only [...]'. Alternatively, use `suffices` to explicitly state the simplified form.

Note: This linter can be disabled with `set_option linter.flexible false`
info: LeanCspProver/CSP_T/CSP_T_law.lean:255:6: 'intro t ht' uses '⊢'!
warning: LeanCspProver/CSP_T/CSP_T_law.lean:238:4: 'simp [hSkip]' is a flexible tactic modifying '⊢'. Try 'simp?' and use the suggested 'simp only [...]'. Alternatively, use `suffices` to explicitly state the simplified form.

Note: This linter can be disabled with `set_option linter.flexible false`
info: LeanCspProver/CSP_T/CSP_T_law.lean:257:6: 'rw [in_traces_Rep_int_choice_set]' uses '⊢'!
warning: LeanCspProver/CSP_T/CSP_T_law.lean:238:4: 'simp [hSkip]' is a flexible tactic modifying '⊢'. Try 'simp?' and use the suggested 'simp only [...]'. Alternatively, use `suffices` to explicitly state the simplified form.

Note: This linter can be disabled with `set_option linter.flexible false`
info: LeanCspProver/CSP_T/CSP_T_law.lean:258:6: 'rcases ht with rfl | hTick' uses '⊢'!
warning: LeanCspProver/CSP_T/CSP_T_law.lean:238:4: 'simp [hSkip]' is a flexible tactic modifying '⊢'. Try 'simp?' and use the suggested 'simp only [...]'. Alternatively, use `suffices` to explicitly state the simplified form.

Note: This linter can be disabled with `set_option linter.flexible false`
info: LeanCspProver/CSP_T/CSP_T_law.lean:259:8: 'exact Or.inl rfl' uses '⊢'!
warning: LeanCspProver/CSP_T/CSP_T_law.lean:238:4: 'simp [hSkip]' is a flexible tactic modifying '⊢'. Try 'simp?' and use the suggested 'simp only [...]'. Alternatively, use `suffices` to explicitly state the simplified form.

Note: This linter can be disabled with `set_option linter.flexible false`
info: LeanCspProver/CSP_T/CSP_T_law.lean:261:8: 'refine Or.inr ⟨X, hX, ?_⟩' uses '⊢'!
warning: LeanCspProver/CSP_T/CSP_T_law.lean:238:4: 'simp [hSkip]' is a flexible tactic modifying '⊢'. Try 'simp?' and use the suggested 'simp only [...]'. Alternatively, use `suffices` to explicitly state the simplified form.

Note: This linter can be disabled with `set_option linter.flexible false`
info: LeanCspProver/CSP_T/CSP_T_law.lean:262:8: 'rw [hSkipX, in_traces_SKIP]' uses '⊢'!
warning: LeanCspProver/CSP_T/CSP_T_law.lean:238:4: 'simp [hSkip]' is a flexible tactic modifying '⊢'. Try 'simp?' and use the suggested 'simp only [...]'. Alternatively, use `suffices` to explicitly state the simplified form.

Note: This linter can be disabled with `set_option linter.flexible false`
info: LeanCspProver/CSP_T/CSP_T_law.lean:263:8: 'exact Or.inr hTick' uses '⊢'!
warning: LeanCspProver/CSP_T/CSP_T_law.lean:264:4: 'simp [hSkip]' is a flexible tactic modifying '⊢'. Try 'simp?' and use the suggested 'simp only [...]'. Alternatively, use `suffices` to explicitly state the simplified form.

Note: This linter can be disabled with `set_option linter.flexible false`
info: LeanCspProver/CSP_T/CSP_T_law.lean:265:4: 'have hDiv : ∀ X, X ∈ Xs → Qf X = proc.DIV := by
  intro X hX
  rcases hQ X hX with hSkipX | hDivX
  · exact False.elim (hSkip ⟨X, hX, hSkipX⟩)
  · exact hDivX' uses '⊢'!
warning: LeanCspProver/CSP_T/CSP_T_law.lean:264:4: 'simp [hSkip]' is a flexible tactic modifying '⊢'. Try 'simp?' and use the suggested 'simp only [...]'. Alternatively, use `suffices` to explicitly state the simplified form.

Note: This linter can be disabled with `set_option linter.flexible false`
info: LeanCspProver/CSP_T/CSP_T_law.lean:270:4: 'rw [cspT_eqT_semantics]' uses '⊢'!
warning: LeanCspProver/CSP_T/CSP_T_law.lean:264:4: 'simp [hSkip]' is a flexible tactic modifying '⊢'. Try 'simp?' and use the suggested 'simp only [...]'. Alternatively, use `suffices` to explicitly state the simplified form.

Note: This linter can be disabled with `set_option linter.flexible false`
info: LeanCspProver/CSP_T/CSP_T_law.lean:271:4: 'apply le_antisymm' uses '⊢'!
warning: LeanCspProver/CSP_T/CSP_T_law.lean:264:4: 'simp [hSkip]' is a flexible tactic modifying '⊢'. Try 'simp?' and use the suggested 'simp only [...]'. Alternatively, use `suffices` to explicitly state the simplified form.

Note: This linter can be disabled with `set_option linter.flexible false`
info: LeanCspProver/CSP_T/CSP_T_law.lean:272:6: 'rw [subdomT_iff]' uses '⊢'!
warning: LeanCspProver/CSP_T/CSP_T_law.lean:264:4: 'simp [hSkip]' is a flexible tactic modifying '⊢'. Try 'simp?' and use the suggested 'simp only [...]'. Alternatively, use `suffices` to explicitly state the simplified form.

Note: This linter can be disabled with `set_option linter.flexible false`
info: LeanCspProver/CSP_T/CSP_T_law.lean:273:6: 'intro t ht' uses '⊢'!
warning: LeanCspProver/CSP_T/CSP_T_law.lean:264:4: 'simp [hSkip]' is a flexible tactic modifying '⊢'. Try 'simp?' and use the suggested 'simp only [...]'. Alternatively, use `suffices` to explicitly state the simplified form.

Note: This linter can be disabled with `set_option linter.flexible false`
info: LeanCspProver/CSP_T/CSP_T_law.lean:275:6: 'rw [in_traces_DIV]' uses '⊢'!
warning: LeanCspProver/CSP_T/CSP_T_law.lean:264:4: 'simp [hSkip]' is a flexible tactic modifying '⊢'. Try 'simp?' and use the suggested 'simp only [...]'. Alternatively, use `suffices` to explicitly state the simplified form.

Note: This linter can be disabled with `set_option linter.flexible false`
info: LeanCspProver/CSP_T/CSP_T_law.lean:276:6: 'rcases ht with rfl | ⟨X, hX, ht⟩' uses '⊢'!
warning: LeanCspProver/CSP_T/CSP_T_law.lean:264:4: 'simp [hSkip]' is a flexible tactic modifying '⊢'. Try 'simp?' and use the suggested 'simp only [...]'. Alternatively, use `suffices` to explicitly state the simplified form.

Note: This linter can be disabled with `set_option linter.flexible false`
info: LeanCspProver/CSP_T/CSP_T_law.lean:280:8: 'exact ht' uses '⊢'!
warning: LeanCspProver/CSP_T/CSP_T_law.lean:264:4: 'simp [hSkip]' is a flexible tactic modifying '⊢'. Try 'simp?' and use the suggested 'simp only [...]'. Alternatively, use `suffices` to explicitly state the simplified form.

Note: This linter can be disabled with `set_option linter.flexible false`
info: LeanCspProver/CSP_T/CSP_T_law.lean:281:6: 'rw [subdomT_iff]' uses '⊢'!
warning: LeanCspProver/CSP_T/CSP_T_law.lean:264:4: 'simp [hSkip]' is a flexible tactic modifying '⊢'. Try 'simp?' and use the suggested 'simp only [...]'. Alternatively, use `suffices` to explicitly state the simplified form.

Note: This linter can be disabled with `set_option linter.flexible false`
info: LeanCspProver/CSP_T/CSP_T_law.lean:282:6: 'intro t ht' uses '⊢'!
warning: LeanCspProver/CSP_T/CSP_T_law.lean:264:4: 'simp [hSkip]' is a flexible tactic modifying '⊢'. Try 'simp?' and use the suggested 'simp only [...]'. Alternatively, use `suffices` to explicitly state the simplified form.

Note: This linter can be disabled with `set_option linter.flexible false`
info: LeanCspProver/CSP_T/CSP_T_law.lean:284:6: 'rw [in_traces_Rep_int_choice_set]' uses '⊢'!
warning: LeanCspProver/CSP_T/CSP_T_law.lean:264:4: 'simp [hSkip]' is a flexible tactic modifying '⊢'. Try 'simp?' and use the suggested 'simp only [...]'. Alternatively, use `suffices` to explicitly state the simplified form.

Note: This linter can be disabled with `set_option linter.flexible false`
info: LeanCspProver/CSP_T/CSP_T_law.lean:285:6: 'exact Or.inl ht' uses '⊢'!
✔ [8178/8232] Built LeanCspProver.CSP_T.CSP_T_law_aux (10s)
⚠ [8179/8232] Built LeanCspProver.CSP_F.CSP_F_law (11s)
warning: LeanCspProver/CSP_F/CSP_F_law.lean:51:4: 'simp' is a flexible tactic modifying '⊢'. Try 'simp?' and use the suggested 'simp only [...]'. Alternatively, use `suffices` to explicitly state the simplified form.

Note: This linter can be disabled with `set_option linter.flexible false`
info: LeanCspProver/CSP_F/CSP_F_law.lean:51:4: Try this:
  [apply] simp only [or_self, ↓reduceIte]
info: LeanCspProver/CSP_F/CSP_F_law.lean:52:4: 'exact cspF_trans_left_eq cspF_Int_choice_idem cspF_reflex_eq_SKIP' uses '⊢'!
warning: LeanCspProver/CSP_F/CSP_F_law.lean:53:4: 'simp' is a flexible tactic modifying '⊢'. Try 'simp?' and use the suggested 'simp only [...]'. Alternatively, use `suffices` to explicitly state the simplified form.

Note: This linter can be disabled with `set_option linter.flexible false`
info: LeanCspProver/CSP_F/CSP_F_law.lean:53:4: Try this:
  [apply] simp only [reduceCtorEq, or_false, ↓reduceIte]
info: LeanCspProver/CSP_F/CSP_F_law.lean:54:4: 'exact cspF_trans_left_eq cspF_Int_choice_unit_r cspF_reflex_eq_SKIP' uses '⊢'!
warning: LeanCspProver/CSP_F/CSP_F_law.lean:55:4: 'simp' is a flexible tactic modifying '⊢'. Try 'simp?' and use the suggested 'simp only [...]'. Alternatively, use `suffices` to explicitly state the simplified form.

Note: This linter can be disabled with `set_option linter.flexible false`
info: LeanCspProver/CSP_F/CSP_F_law.lean:55:4: Try this:
  [apply] simp only [reduceCtorEq, or_true, ↓reduceIte]
info: LeanCspProver/CSP_F/CSP_F_law.lean:56:4: 'exact cspF_trans_left_eq cspF_Int_choice_unit_l cspF_reflex_eq_SKIP' uses '⊢'!
warning: LeanCspProver/CSP_F/CSP_F_law.lean:57:4: 'simp' is a flexible tactic modifying '⊢'. Try 'simp?' and use the suggested 'simp only [...]'. Alternatively, use `suffices` to explicitly state the simplified form.

Note: This linter can be disabled with `set_option linter.flexible false`
info: LeanCspProver/CSP_F/CSP_F_law.lean:57:4: Try this:
  [apply] simp only [reduceCtorEq, or_self, ↓reduceIte]
info: LeanCspProver/CSP_F/CSP_F_law.lean:58:4: 'exact cspF_trans_left_eq cspF_Int_choice_idem cspF_reflex_eq_DIV' uses '⊢'!
warning: LeanCspProver/CSP_F/CSP_F_law.lean:49:100: This line exceeds the 100 character limit, please shorten it!

Note: This linter can be disabled with `set_option linter.style.longLine false`
warning: LeanCspProver/CSP_F/CSP_F_law.lean:71:4: 'simp [hSkip]' is a flexible tactic modifying '⊢'. Try 'simp?' and use the suggested 'simp only [...]'. Alternatively, use `suffices` to explicitly state the simplified form.

Note: This linter can be disabled with `set_option linter.flexible false`
info: LeanCspProver/CSP_F/CSP_F_law.lean:72:4: 'rw [cspF_cspT_eqF_semantics]' uses '⊢'!
warning: LeanCspProver/CSP_F/CSP_F_law.lean:71:4: 'simp [hSkip]' is a flexible tactic modifying '⊢'. Try 'simp?' and use the suggested 'simp only [...]'. Alternatively, use `suffices` to explicitly state the simplified form.

Note: This linter can be disabled with `set_option linter.flexible false`
info: LeanCspProver/CSP_F/CSP_F_law.lean:73:4: 'refine ⟨?_, ?_⟩' uses '⊢'!
warning: LeanCspProver/CSP_F/CSP_F_law.lean:71:4: 'simp [hSkip]' is a flexible tactic modifying '⊢'. Try 'simp?' and use the suggested 'simp only [...]'. Alternatively, use `suffices` to explicitly state the simplified form.

Note: This linter can be disabled with `set_option linter.flexible false`
info: LeanCspProver/CSP_F/CSP_F_law.lean:77:6: 'apply le_antisymm' uses '⊢'!
warning: LeanCspProver/CSP_F/CSP_F_law.lean:71:4: 'simp [hSkip]' is a flexible tactic modifying '⊢'. Try 'simp?' and use the suggested 'simp only [...]'. Alternatively, use `suffices` to explicitly state the simplified form.

Note: This linter can be disabled with `set_option linter.flexible false`
info: LeanCspProver/CSP_F/CSP_F_law.lean:78:8: 'rw [subsetF_iff]' uses '⊢'!
warning: LeanCspProver/CSP_F/CSP_F_law.lean:71:4: 'simp [hSkip]' is a flexible tactic modifying '⊢'. Try 'simp?' and use the suggested 'simp only [...]'. Alternatively, use `suffices` to explicitly state the simplified form.

Note: This linter can be disabled with `set_option linter.flexible false`
info: LeanCspProver/CSP_F/CSP_F_law.lean:79:8: 'intro s X hs' uses '⊢'!
warning: LeanCspProver/CSP_F/CSP_F_law.lean:71:4: 'simp [hSkip]' is a flexible tactic modifying '⊢'. Try 'simp?' and use the suggested 'simp only [...]'. Alternatively, use `suffices` to explicitly state the simplified form.

Note: This linter can be disabled with `set_option linter.flexible false`
info: LeanCspProver/CSP_F/CSP_F_law.lean:82:8: 'rcases hQ c hc with hSkipC | hDivC' uses '⊢'!
warning: LeanCspProver/CSP_F/CSP_F_law.lean:71:4: 'simp [hSkip]' is a flexible tactic modifying '⊢'. Try 'simp?' and use the suggested 'simp only [...]'. Alternatively, use `suffices` to explicitly state the simplified form.

Note: This linter can be disabled with `set_option linter.flexible false`
info: LeanCspProver/CSP_F/CSP_F_law.lean:84:10: 'rw [in_failures_SKIP] at hs ⊢' uses '⊢'!
warning: LeanCspProver/CSP_F/CSP_F_law.lean:71:4: 'simp [hSkip]' is a flexible tactic modifying '⊢'. Try 'simp?' and use the suggested 'simp only [...]'. Alternatively, use `suffices` to explicitly state the simplified form.

Note: This linter can be disabled with `set_option linter.flexible false`
info: LeanCspProver/CSP_F/CSP_F_law.lean:85:10: 'exact hs' uses '⊢'!
warning: LeanCspProver/CSP_F/CSP_F_law.lean:71:4: 'simp [hSkip]' is a flexible tactic modifying '⊢'. Try 'simp?' and use the suggested 'simp only [...]'. Alternatively, use `suffices` to explicitly state the simplified form.

Note: This linter can be disabled with `set_option linter.flexible false`
info: LeanCspProver/CSP_F/CSP_F_law.lean:87:10: 'exact False.elim ((in_failures_DIV (f := ((s, X) : failure α)) (M := M1)) hs)' uses '⊢'!
warning: LeanCspProver/CSP_F/CSP_F_law.lean:71:4: 'simp [hSkip]' is a flexible tactic modifying '⊢'. Try 'simp?' and use the suggested 'simp only [...]'. Alternatively, use `suffices` to explicitly state the simplified form.

Note: This linter can be disabled with `set_option linter.flexible false`
info: LeanCspProver/CSP_F/CSP_F_law.lean:88:8: 'rw [subsetF_iff]' uses '⊢'!
warning: LeanCspProver/CSP_F/CSP_F_law.lean:71:4: 'simp [hSkip]' is a flexible tactic modifying '⊢'. Try 'simp?' and use the suggested 'simp only [...]'. Alternatively, use `suffices` to explicitly state the simplified form.

Note: This linter can be disabled with `set_option linter.flexible false`
info: LeanCspProver/CSP_F/CSP_F_law.lean:89:8: 'intro s X hs' uses '⊢'!
warning: LeanCspProver/CSP_F/CSP_F_law.lean:71:4: 'simp [hSkip]' is a flexible tactic modifying '⊢'. Try 'simp?' and use the suggested 'simp only [...]'. Alternatively, use `suffices` to explicitly state the simplified form.

Note: This linter can be disabled with `set_option linter.flexible false`
info: LeanCspProver/CSP_F/CSP_F_law.lean:91:8: 'rw [in_failures_Rep_int_choice_sum]' uses '⊢'!
warning: LeanCspProver/CSP_F/CSP_F_law.lean:71:4: 'simp [hSkip]' is a flexible tactic modifying '⊢'. Try 'simp?' and use the suggested 'simp only [...]'. Alternatively, use `suffices` to explicitly state the simplified form.

Note: This linter can be disabled with `set_option linter.flexible false`
info: LeanCspProver/CSP_F/CSP_F_law.lean:92:8: 'refine ⟨c, hc, ?_⟩' uses '⊢'!
warning: LeanCspProver/CSP_F/CSP_F_law.lean:71:4: 'simp [hSkip]' is a flexible tactic modifying '⊢'. Try 'simp?' and use the suggested 'simp only [...]'. Alternatively, use `suffices` to explicitly state the simplified form.

Note: This linter can be disabled with `set_option linter.flexible false`
info: LeanCspProver/CSP_F/CSP_F_law.lean:93:8: 'rw [hSkipC]' uses '⊢'!
warning: LeanCspProver/CSP_F/CSP_F_law.lean:71:4: 'simp [hSkip]' is a flexible tactic modifying '⊢'. Try 'simp?' and use the suggested 'simp only [...]'. Alternatively, use `suffices` to explicitly state the simplified form.

Note: This linter can be disabled with `set_option linter.flexible false`
info: LeanCspProver/CSP_F/CSP_F_law.lean:94:8: 'rw [in_failures_SKIP] at hs ⊢' uses '⊢'!
warning: LeanCspProver/CSP_F/CSP_F_law.lean:71:4: 'simp [hSkip]' is a flexible tactic modifying '⊢'. Try 'simp?' and use the suggested 'simp only [...]'. Alternatively, use `suffices` to explicitly state the simplified form.

Note: This linter can be disabled with `set_option linter.flexible false`
info: LeanCspProver/CSP_F/CSP_F_law.lean:95:8: 'exact hs' uses '⊢'!
warning: LeanCspProver/CSP_F/CSP_F_law.lean:96:4: 'simp [hSkip]' is a flexible tactic modifying '⊢'. Try 'simp?' and use the suggested 'simp only [...]'. Alternatively, use `suffices` to explicitly state the simplified form.

Note: This linter can be disabled with `set_option linter.flexible false`
info: LeanCspProver/CSP_F/CSP_F_law.lean:97:4: 'have hDiv : ∀ c, c ∈ sumset C → Qf c = proc.DIV := by
  intro c hc
  rcases hQ c hc with hSkipC | hDivC
  · exact False.elim (hSkip ⟨c, hc, hSkipC⟩)
  · exact hDivC' uses '⊢'!
warning: LeanCspProver/CSP_F/CSP_F_law.lean:96:4: 'simp [hSkip]' is a flexible tactic modifying '⊢'. Try 'simp?' and use the suggested 'simp only [...]'. Alternatively, use `suffices` to explicitly state the simplified form.

Note: This linter can be disabled with `set_option linter.flexible false`
info: LeanCspProver/CSP_F/CSP_F_law.lean:102:4: 'rw [cspF_cspT_eqF_semantics]' uses '⊢'!
warning: LeanCspProver/CSP_F/CSP_F_law.lean:96:4: 'simp [hSkip]' is a flexible tactic modifying '⊢'. Try 'simp?' and use the suggested 'simp only [...]'. Alternatively, use `suffices` to explicitly state the simplified form.

Note: This linter can be disabled with `set_option linter.flexible false`
info: LeanCspProver/CSP_F/CSP_F_law.lean:103:4: 'refine ⟨?_, ?_⟩' uses '⊢'!
warning: LeanCspProver/CSP_F/CSP_F_law.lean:96:4: 'simp [hSkip]' is a flexible tactic modifying '⊢'. Try 'simp?' and use the suggested 'simp only [...]'. Alternatively, use `suffices` to explicitly state the simplified form.

Note: This linter can be disabled with `set_option linter.flexible false`
info: LeanCspProver/CSP_F/CSP_F_law.lean:107:6: 'apply le_antisymm' uses '⊢'!
warning: LeanCspProver/CSP_F/CSP_F_law.lean:96:4: 'simp [hSkip]' is a flexible tactic modifying '⊢'. Try 'simp?' and use the suggested 'simp only [...]'. Alternatively, use `suffices` to explicitly state the simplified form.

Note: This linter can be disabled with `set_option linter.flexible false`
info: LeanCspProver/CSP_F/CSP_F_law.lean:108:8: 'rw [subsetF_iff]' uses '⊢'!
warning: LeanCspProver/CSP_F/CSP_F_law.lean:96:4: 'simp [hSkip]' is a flexible tactic modifying '⊢'. Try 'simp?' and use the suggested 'simp only [...]'. Alternatively, use `suffices` to explicitly state the simplified form.

Note: This linter can be disabled with `set_option linter.flexible false`
info: LeanCspProver/CSP_F/CSP_F_law.lean:109:8: 'intro s X hs' uses '⊢'!
warning: LeanCspProver/CSP_F/CSP_F_law.lean:96:4: 'simp [hSkip]' is a flexible tactic modifying '⊢'. Try 'simp?' and use the suggested 'simp only [...]'. Alternatively, use `suffices` to explicitly state the simplified form.

Note: This linter can be disabled with `set_option linter.flexible false`
info: LeanCspProver/CSP_F/CSP_F_law.lean:113:8: 'exact False.elim ((in_failures_DIV (f := ((s, X) : failure α)) (M := M1)) hs)' uses '⊢'!
warning: LeanCspProver/CSP_F/CSP_F_law.lean:96:4: 'simp [hSkip]' is a flexible tactic modifying '⊢'. Try 'simp?' and use the suggested 'simp only [...]'. Alternatively, use `suffices` to explicitly state the simplified form.

Note: This linter can be disabled with `set_option linter.flexible false`
info: LeanCspProver/CSP_F/CSP_F_law.lean:114:8: 'rw [subsetF_iff]' uses '⊢'!
warning: LeanCspProver/CSP_F/CSP_F_law.lean:96:4: 'simp [hSkip]' is a flexible tactic modifying '⊢'. Try 'simp?' and use the suggested 'simp only [...]'. Alternatively, use `suffices` to explicitly state the simplified form.

Note: This linter can be disabled with `set_option linter.flexible false`
info: LeanCspProver/CSP_F/CSP_F_law.lean:115:8: 'intro s X hs' uses '⊢'!
warning: LeanCspProver/CSP_F/CSP_F_law.lean:96:4: 'simp [hSkip]' is a flexible tactic modifying '⊢'. Try 'simp?' and use the suggested 'simp only [...]'. Alternatively, use `suffices` to explicitly state the simplified form.

Note: This linter can be disabled with `set_option linter.flexible false`
info: LeanCspProver/CSP_F/CSP_F_law.lean:116:8: 'exact False.elim ((in_failures_DIV (f := ((s, X) : failure α)) (M := M2)) hs)' uses '⊢'!
warning: LeanCspProver/CSP_F/CSP_F_law.lean:127:4: 'simp [hSkip]' is a flexible tactic modifying '⊢'. Try 'simp?' and use the suggested 'simp only [...]'. Alternatively, use `suffices` to explicitly state the simplified form.

Note: This linter can be disabled with `set_option linter.flexible false`
info: LeanCspProver/CSP_F/CSP_F_law.lean:128:4: 'rw [cspF_cspT_eqF_semantics]' uses '⊢'!
warning: LeanCspProver/CSP_F/CSP_F_law.lean:127:4: 'simp [hSkip]' is a flexible tactic modifying '⊢'. Try 'simp?' and use the suggested 'simp only [...]'. Alternatively, use `suffices` to explicitly state the simplified form.

Note: This linter can be disabled with `set_option linter.flexible false`
info: LeanCspProver/CSP_F/CSP_F_law.lean:129:4: 'refine ⟨?_, ?_⟩' uses '⊢'!
warning: LeanCspProver/CSP_F/CSP_F_law.lean:127:4: 'simp [hSkip]' is a flexible tactic modifying '⊢'. Try 'simp?' and use the suggested 'simp only [...]'. Alternatively, use `suffices` to explicitly state the simplified form.

Note: This linter can be disabled with `set_option linter.flexible false`
info: LeanCspProver/CSP_F/CSP_F_law.lean:133:6: 'apply le_antisymm' uses '⊢'!
warning: LeanCspProver/CSP_F/CSP_F_law.lean:127:4: 'simp [hSkip]' is a flexible tactic modifying '⊢'. Try 'simp?' and use the suggested 'simp only [...]'. Alternatively, use `suffices` to explicitly state the simplified form.

Note: This linter can be disabled with `set_option linter.flexible false`
info: LeanCspProver/CSP_F/CSP_F_law.lean:134:8: 'rw [subsetF_iff]' uses '⊢'!
warning: LeanCspProver/CSP_F/CSP_F_law.lean:127:4: 'simp [hSkip]' is a flexible tactic modifying '⊢'. Try 'simp?' and use the suggested 'simp only [...]'. Alternatively, use `suffices` to explicitly state the simplified form.

Note: This linter can be disabled with `set_option linter.flexible false`
info: LeanCspProver/CSP_F/CSP_F_law.lean:135:8: 'intro s X hs' uses '⊢'!
warning: LeanCspProver/CSP_F/CSP_F_law.lean:127:4: 'simp [hSkip]' is a flexible tactic modifying '⊢'. Try 'simp?' and use the suggested 'simp only [...]'. Alternatively, use `suffices` to explicitly state the simplified form.

Note: This linter can be disabled with `set_option linter.flexible false`
info: LeanCspProver/CSP_F/CSP_F_law.lean:138:8: 'rcases hQ n hn with hSkipN | hDivN' uses '⊢'!
warning: LeanCspProver/CSP_F/CSP_F_law.lean:127:4: 'simp [hSkip]' is a flexible tactic modifying '⊢'. Try 'simp?' and use the suggested 'simp only [...]'. Alternatively, use `suffices` to explicitly state the simplified form.

Note: This linter can be disabled with `set_option linter.flexible false`
info: LeanCspProver/CSP_F/CSP_F_law.lean:140:10: 'rw [in_failures_SKIP] at hs ⊢' uses '⊢'!
warning: LeanCspProver/CSP_F/CSP_F_law.lean:127:4: 'simp [hSkip]' is a flexible tactic modifying '⊢'. Try 'simp?' and use the suggested 'simp only [...]'. Alternatively, use `suffices` to explicitly state the simplified form.

Note: This linter can be disabled with `set_option linter.flexible false`
info: LeanCspProver/CSP_F/CSP_F_law.lean:141:10: 'exact hs' uses '⊢'!
warning: LeanCspProver/CSP_F/CSP_F_law.lean:127:4: 'simp [hSkip]' is a flexible tactic modifying '⊢'. Try 'simp?' and use the suggested 'simp only [...]'. Alternatively, use `suffices` to explicitly state the simplified form.

Note: This linter can be disabled with `set_option linter.flexible false`
info: LeanCspProver/CSP_F/CSP_F_law.lean:143:10: 'exact False.elim ((in_failures_DIV (f := ((s, X) : failure α)) (M := M1)) hs)' uses '⊢'!
warning: LeanCspProver/CSP_F/CSP_F_law.lean:127:4: 'simp [hSkip]' is a flexible tactic modifying '⊢'. Try 'simp?' and use the suggested 'simp only [...]'. Alternatively, use `suffices` to explicitly state the simplified form.

Note: This linter can be disabled with `set_option linter.flexible false`
info: LeanCspProver/CSP_F/CSP_F_law.lean:144:8: 'rw [subsetF_iff]' uses '⊢'!
warning: LeanCspProver/CSP_F/CSP_F_law.lean:127:4: 'simp [hSkip]' is a flexible tactic modifying '⊢'. Try 'simp?' and use the suggested 'simp only [...]'. Alternatively, use `suffices` to explicitly state the simplified form.

Note: This linter can be disabled with `set_option linter.flexible false`
info: LeanCspProver/CSP_F/CSP_F_law.lean:145:8: 'intro s X hs' uses '⊢'!
warning: LeanCspProver/CSP_F/CSP_F_law.lean:127:4: 'simp [hSkip]' is a flexible tactic modifying '⊢'. Try 'simp?' and use the suggested 'simp only [...]'. Alternatively, use `suffices` to explicitly state the simplified form.

Note: This linter can be disabled with `set_option linter.flexible false`
info: LeanCspProver/CSP_F/CSP_F_law.lean:147:8: 'rw [in_failures_Rep_int_choice_nat]' uses '⊢'!
warning: LeanCspProver/CSP_F/CSP_F_law.lean:127:4: 'simp [hSkip]' is a flexible tactic modifying '⊢'. Try 'simp?' and use the suggested 'simp only [...]'. Alternatively, use `suffices` to explicitly state the simplified form.

Note: This linter can be disabled with `set_option linter.flexible false`
info: LeanCspProver/CSP_F/CSP_F_law.lean:148:8: 'refine ⟨n, hn, ?_⟩' uses '⊢'!
warning: LeanCspProver/CSP_F/CSP_F_law.lean:127:4: 'simp [hSkip]' is a flexible tactic modifying '⊢'. Try 'simp?' and use the suggested 'simp only [...]'. Alternatively, use `suffices` to explicitly state the simplified form.

Note: This linter can be disabled with `set_option linter.flexible false`
info: LeanCspProver/CSP_F/CSP_F_law.lean:149:8: 'rw [hSkipN]' uses '⊢'!
warning: LeanCspProver/CSP_F/CSP_F_law.lean:127:4: 'simp [hSkip]' is a flexible tactic modifying '⊢'. Try 'simp?' and use the suggested 'simp only [...]'. Alternatively, use `suffices` to explicitly state the simplified form.

Note: This linter can be disabled with `set_option linter.flexible false`
info: LeanCspProver/CSP_F/CSP_F_law.lean:150:8: 'rw [in_failures_SKIP] at hs ⊢' uses '⊢'!
warning: LeanCspProver/CSP_F/CSP_F_law.lean:127:4: 'simp [hSkip]' is a flexible tactic modifying '⊢'. Try 'simp?' and use the suggested 'simp only [...]'. Alternatively, use `suffices` to explicitly state the simplified form.

Note: This linter can be disabled with `set_option linter.flexible false`
info: LeanCspProver/CSP_F/CSP_F_law.lean:151:8: 'exact hs' uses '⊢'!
warning: LeanCspProver/CSP_F/CSP_F_law.lean:152:4: 'simp [hSkip]' is a flexible tactic modifying '⊢'. Try 'simp?' and use the suggested 'simp only [...]'. Alternatively, use `suffices` to explicitly state the simplified form.

Note: This linter can be disabled with `set_option linter.flexible false`
info: LeanCspProver/CSP_F/CSP_F_law.lean:153:4: 'have hDiv : ∀ n, n ∈ N → Qf n = proc.DIV := by
  intro n hn
  rcases hQ n hn with hSkipN | hDivN
  · exact False.elim (hSkip ⟨n, hn, hSkipN⟩)
  · exact hDivN' uses '⊢'!
warning: LeanCspProver/CSP_F/CSP_F_law.lean:152:4: 'simp [hSkip]' is a flexible tactic modifying '⊢'. Try 'simp?' and use the suggested 'simp only [...]'. Alternatively, use `suffices` to explicitly state the simplified form.

Note: This linter can be disabled with `set_option linter.flexible false`
info: LeanCspProver/CSP_F/CSP_F_law.lean:158:4: 'rw [cspF_cspT_eqF_semantics]' uses '⊢'!
warning: LeanCspProver/CSP_F/CSP_F_law.lean:152:4: 'simp [hSkip]' is a flexible tactic modifying '⊢'. Try 'simp?' and use the suggested 'simp only [...]'. Alternatively, use `suffices` to explicitly state the simplified form.

Note: This linter can be disabled with `set_option linter.flexible false`
info: LeanCspProver/CSP_F/CSP_F_law.lean:159:4: 'refine ⟨?_, ?_⟩' uses '⊢'!
warning: LeanCspProver/CSP_F/CSP_F_law.lean:152:4: 'simp [hSkip]' is a flexible tactic modifying '⊢'. Try 'simp?' and use the suggested 'simp only [...]'. Alternatively, use `suffices` to explicitly state the simplified form.

Note: This linter can be disabled with `set_option linter.flexible false`
info: LeanCspProver/CSP_F/CSP_F_law.lean:163:6: 'apply le_antisymm' uses '⊢'!
warning: LeanCspProver/CSP_F/CSP_F_law.lean:152:4: 'simp [hSkip]' is a flexible tactic modifying '⊢'. Try 'simp?' and use the suggested 'simp only [...]'. Alternatively, use `suffices` to explicitly state the simplified form.

Note: This linter can be disabled with `set_option linter.flexible false`
info: LeanCspProver/CSP_F/CSP_F_law.lean:164:8: 'rw [subsetF_iff]' uses '⊢'!
warning: LeanCspProver/CSP_F/CSP_F_law.lean:152:4: 'simp [hSkip]' is a flexible tactic modifying '⊢'. Try 'simp?' and use the suggested 'simp only [...]'. Alternatively, use `suffices` to explicitly state the simplified form.

Note: This linter can be disabled with `set_option linter.flexible false`
info: LeanCspProver/CSP_F/CSP_F_law.lean:165:8: 'intro s X hs' uses '⊢'!
warning: LeanCspProver/CSP_F/CSP_F_law.lean:152:4: 'simp [hSkip]' is a flexible tactic modifying '⊢'. Try 'simp?' and use the suggested 'simp only [...]'. Alternatively, use `suffices` to explicitly state the simplified form.

Note: This linter can be disabled with `set_option linter.flexible false`
info: LeanCspProver/CSP_F/CSP_F_law.lean:169:8: 'exact False.elim ((in_failures_DIV (f := ((s, X) : failure α)) (M := M1)) hs)' uses '⊢'!
warning: LeanCspProver/CSP_F/CSP_F_law.lean:152:4: 'simp [hSkip]' is a flexible tactic modifying '⊢'. Try 'simp?' and use the suggested 'simp only [...]'. Alternatively, use `suffices` to explicitly state the simplified form.

Note: This linter can be disabled with `set_option linter.flexible false`
info: LeanCspProver/CSP_F/CSP_F_law.lean:170:8: 'rw [subsetF_iff]' uses '⊢'!
warning: LeanCspProver/CSP_F/CSP_F_law.lean:152:4: 'simp [hSkip]' is a flexible tactic modifying '⊢'. Try 'simp?' and use the suggested 'simp only [...]'. Alternatively, use `suffices` to explicitly state the simplified form.

Note: This linter can be disabled with `set_option linter.flexible false`
info: LeanCspProver/CSP_F/CSP_F_law.lean:171:8: 'intro s X hs' uses '⊢'!
warning: LeanCspProver/CSP_F/CSP_F_law.lean:152:4: 'simp [hSkip]' is a flexible tactic modifying '⊢'. Try 'simp?' and use the suggested 'simp only [...]'. Alternatively, use `suffices` to explicitly state the simplified form.

Note: This linter can be disabled with `set_option linter.flexible false`
info: LeanCspProver/CSP_F/CSP_F_law.lean:172:8: 'exact False.elim ((in_failures_DIV (f := ((s, X) : failure α)) (M := M2)) hs)' uses '⊢'!
warning: LeanCspProver/CSP_F/CSP_F_law.lean:183:4: 'simp [hSkip]' is a flexible tactic modifying '⊢'. Try 'simp?' and use the suggested 'simp only [...]'. Alternatively, use `suffices` to explicitly state the simplified form.

Note: This linter can be disabled with `set_option linter.flexible false`
info: LeanCspProver/CSP_F/CSP_F_law.lean:184:4: 'rw [cspF_cspT_eqF_semantics]' uses '⊢'!
warning: LeanCspProver/CSP_F/CSP_F_law.lean:183:4: 'simp [hSkip]' is a flexible tactic modifying '⊢'. Try 'simp?' and use the suggested 'simp only [...]'. Alternatively, use `suffices` to explicitly state the simplified form.

Note: This linter can be disabled with `set_option linter.flexible false`
info: LeanCspProver/CSP_F/CSP_F_law.lean:185:4: 'refine ⟨?_, ?_⟩' uses '⊢'!
warning: LeanCspProver/CSP_F/CSP_F_law.lean:183:4: 'simp [hSkip]' is a flexible tactic modifying '⊢'. Try 'simp?' and use the suggested 'simp only [...]'. Alternatively, use `suffices` to explicitly state the simplified form.

Note: This linter can be disabled with `set_option linter.flexible false`
info: LeanCspProver/CSP_F/CSP_F_law.lean:189:6: 'apply le_antisymm' uses '⊢'!
warning: LeanCspProver/CSP_F/CSP_F_law.lean:183:4: 'simp [hSkip]' is a flexible tactic modifying '⊢'. Try 'simp?' and use the suggested 'simp only [...]'. Alternatively, use `suffices` to explicitly state the simplified form.

Note: This linter can be disabled with `set_option linter.flexible false`
info: LeanCspProver/CSP_F/CSP_F_law.lean:190:8: 'rw [subsetF_iff]' uses '⊢'!
warning: LeanCspProver/CSP_F/CSP_F_law.lean:183:4: 'simp [hSkip]' is a flexible tactic modifying '⊢'. Try 'simp?' and use the suggested 'simp only [...]'. Alternatively, use `suffices` to explicitly state the simplified form.

Note: This linter can be disabled with `set_option linter.flexible false`
info: LeanCspProver/CSP_F/CSP_F_law.lean:191:8: 'intro s Y hs' uses '⊢'!
warning: LeanCspProver/CSP_F/CSP_F_law.lean:183:4: 'simp [hSkip]' is a flexible tactic modifying '⊢'. Try 'simp?' and use the suggested 'simp only [...]'. Alternatively, use `suffices` to explicitly state the simplified form.

Note: This linter can be disabled with `set_option linter.flexible false`
info: LeanCspProver/CSP_F/CSP_F_law.lean:194:8: 'rcases hQ X hX with hSkipX | hDivX' uses '⊢'!
warning: LeanCspProver/CSP_F/CSP_F_law.lean:183:4: 'simp [hSkip]' is a flexible tactic modifying '⊢'. Try 'simp?' and use the suggested 'simp only [...]'. Alternatively, use `suffices` to explicitly state the simplified form.

Note: This linter can be disabled with `set_option linter.flexible false`
info: LeanCspProver/CSP_F/CSP_F_law.lean:196:10: 'rw [in_failures_SKIP] at hs ⊢' uses '⊢'!
warning: LeanCspProver/CSP_F/CSP_F_law.lean:183:4: 'simp [hSkip]' is a flexible tactic modifying '⊢'. Try 'simp?' and use the suggested 'simp only [...]'. Alternatively, use `suffices` to explicitly state the simplified form.

Note: This linter can be disabled with `set_option linter.flexible false`
info: LeanCspProver/CSP_F/CSP_F_law.lean:197:10: 'exact hs' uses '⊢'!
warning: LeanCspProver/CSP_F/CSP_F_law.lean:183:4: 'simp [hSkip]' is a flexible tactic modifying '⊢'. Try 'simp?' and use the suggested 'simp only [...]'. Alternatively, use `suffices` to explicitly state the simplified form.

Note: This linter can be disabled with `set_option linter.flexible false`
info: LeanCspProver/CSP_F/CSP_F_law.lean:199:10: 'exact False.elim ((in_failures_DIV (f := ((s, Y) : failure α)) (M := M1)) hs)' uses '⊢'!
warning: LeanCspProver/CSP_F/CSP_F_law.lean:183:4: 'simp [hSkip]' is a flexible tactic modifying '⊢'. Try 'simp?' and use the suggested 'simp only [...]'. Alternatively, use `suffices` to explicitly state the simplified form.

Note: This linter can be disabled with `set_option linter.flexible false`
info: LeanCspProver/CSP_F/CSP_F_law.lean:200:8: 'rw [subsetF_iff]' uses '⊢'!
warning: LeanCspProver/CSP_F/CSP_F_law.lean:183:4: 'simp [hSkip]' is a flexible tactic modifying '⊢'. Try 'simp?' and use the suggested 'simp only [...]'. Alternatively, use `suffices` to explicitly state the simplified form.

Note: This linter can be disabled with `set_option linter.flexible false`
info: LeanCspProver/CSP_F/CSP_F_law.lean:201:8: 'intro s Y hs' uses '⊢'!
warning: LeanCspProver/CSP_F/CSP_F_law.lean:183:4: 'simp [hSkip]' is a flexible tactic modifying '⊢'. Try 'simp?' and use the suggested 'simp only [...]'. Alternatively, use `suffices` to explicitly state the simplified form.

Note: This linter can be disabled with `set_option linter.flexible false`
info: LeanCspProver/CSP_F/CSP_F_law.lean:203:8: 'rw [in_failures_Rep_int_choice_set]' uses '⊢'!
warning: LeanCspProver/CSP_F/CSP_F_law.lean:183:4: 'simp [hSkip]' is a flexible tactic modifying '⊢'. Try 'simp?' and use the suggested 'simp only [...]'. Alternatively, use `suffices` to explicitly state the simplified form.

Note: This linter can be disabled with `set_option linter.flexible false`
info: LeanCspProver/CSP_F/CSP_F_law.lean:204:8: 'refine ⟨X, hX, ?_⟩' uses '⊢'!
warning: LeanCspProver/CSP_F/CSP_F_law.lean:183:4: 'simp [hSkip]' is a flexible tactic modifying '⊢'. Try 'simp?' and use the suggested 'simp only [...]'. Alternatively, use `suffices` to explicitly state the simplified form.

Note: This linter can be disabled with `set_option linter.flexible false`
info: LeanCspProver/CSP_F/CSP_F_law.lean:205:8: 'rw [hSkipX]' uses '⊢'!
warning: LeanCspProver/CSP_F/CSP_F_law.lean:183:4: 'simp [hSkip]' is a flexible tactic modifying '⊢'. Try 'simp?' and use the suggested 'simp only [...]'. Alternatively, use `suffices` to explicitly state the simplified form.

Note: This linter can be disabled with `set_option linter.flexible false`
info: LeanCspProver/CSP_F/CSP_F_law.lean:206:8: 'rw [in_failures_SKIP] at hs ⊢' uses '⊢'!
warning: LeanCspProver/CSP_F/CSP_F_law.lean:183:4: 'simp [hSkip]' is a flexible tactic modifying '⊢'. Try 'simp?' and use the suggested 'simp only [...]'. Alternatively, use `suffices` to explicitly state the simplified form.

Note: This linter can be disabled with `set_option linter.flexible false`
info: LeanCspProver/CSP_F/CSP_F_law.lean:207:8: 'exact hs' uses '⊢'!
warning: LeanCspProver/CSP_F/CSP_F_law.lean:208:4: 'simp [hSkip]' is a flexible tactic modifying '⊢'. Try 'simp?' and use the suggested 'simp only [...]'. Alternatively, use `suffices` to explicitly state the simplified form.

Note: This linter can be disabled with `set_option linter.flexible false`
info: LeanCspProver/CSP_F/CSP_F_law.lean:209:4: 'have hDiv : ∀ X, X ∈ Xs → Qf X = proc.DIV := by
  intro X hX
  rcases hQ X hX with hSkipX | hDivX
  · exact False.elim (hSkip ⟨X, hX, hSkipX⟩)
  · exact hDivX' uses '⊢'!
warning: LeanCspProver/CSP_F/CSP_F_law.lean:208:4: 'simp [hSkip]' is a flexible tactic modifying '⊢'. Try 'simp?' and use the suggested 'simp only [...]'. Alternatively, use `suffices` to explicitly state the simplified form.

Note: This linter can be disabled with `set_option linter.flexible false`
info: LeanCspProver/CSP_F/CSP_F_law.lean:214:4: 'rw [cspF_cspT_eqF_semantics]' uses '⊢'!
warning: LeanCspProver/CSP_F/CSP_F_law.lean:208:4: 'simp [hSkip]' is a flexible tactic modifying '⊢'. Try 'simp?' and use the suggested 'simp only [...]'. Alternatively, use `suffices` to explicitly state the simplified form.

Note: This linter can be disabled with `set_option linter.flexible false`
info: LeanCspProver/CSP_F/CSP_F_law.lean:215:4: 'refine ⟨?_, ?_⟩' uses '⊢'!
warning: LeanCspProver/CSP_F/CSP_F_law.lean:208:4: 'simp [hSkip]' is a flexible tactic modifying '⊢'. Try 'simp?' and use the suggested 'simp only [...]'. Alternatively, use `suffices` to explicitly state the simplified form.

Note: This linter can be disabled with `set_option linter.flexible false`
info: LeanCspProver/CSP_F/CSP_F_law.lean:219:6: 'apply le_antisymm' uses '⊢'!
warning: LeanCspProver/CSP_F/CSP_F_law.lean:208:4: 'simp [hSkip]' is a flexible tactic modifying '⊢'. Try 'simp?' and use the suggested 'simp only [...]'. Alternatively, use `suffices` to explicitly state the simplified form.

Note: This linter can be disabled with `set_option linter.flexible false`
info: LeanCspProver/CSP_F/CSP_F_law.lean:220:8: 'rw [subsetF_iff]' uses '⊢'!
warning: LeanCspProver/CSP_F/CSP_F_law.lean:208:4: 'simp [hSkip]' is a flexible tactic modifying '⊢'. Try 'simp?' and use the suggested 'simp only [...]'. Alternatively, use `suffices` to explicitly state the simplified form.

Note: This linter can be disabled with `set_option linter.flexible false`
info: LeanCspProver/CSP_F/CSP_F_law.lean:221:8: 'intro s Y hs' uses '⊢'!
warning: LeanCspProver/CSP_F/CSP_F_law.lean:208:4: 'simp [hSkip]' is a flexible tactic modifying '⊢'. Try 'simp?' and use the suggested 'simp only [...]'. Alternatively, use `suffices` to explicitly state the simplified form.

Note: This linter can be disabled with `set_option linter.flexible false`
info: LeanCspProver/CSP_F/CSP_F_law.lean:225:8: 'exact False.elim ((in_failures_DIV (f := ((s, Y) : failure α)) (M := M1)) hs)' uses '⊢'!
warning: LeanCspProver/CSP_F/CSP_F_law.lean:208:4: 'simp [hSkip]' is a flexible tactic modifying '⊢'. Try 'simp?' and use the suggested 'simp only [...]'. Alternatively, use `suffices` to explicitly state the simplified form.

Note: This linter can be disabled with `set_option linter.flexible false`
info: LeanCspProver/CSP_F/CSP_F_law.lean:226:8: 'rw [subsetF_iff]' uses '⊢'!
warning: LeanCspProver/CSP_F/CSP_F_law.lean:208:4: 'simp [hSkip]' is a flexible tactic modifying '⊢'. Try 'simp?' and use the suggested 'simp only [...]'. Alternatively, use `suffices` to explicitly state the simplified form.

Note: This linter can be disabled with `set_option linter.flexible false`
info: LeanCspProver/CSP_F/CSP_F_law.lean:227:8: 'intro s Y hs' uses '⊢'!
warning: LeanCspProver/CSP_F/CSP_F_law.lean:208:4: 'simp [hSkip]' is a flexible tactic modifying '⊢'. Try 'simp?' and use the suggested 'simp only [...]'. Alternatively, use `suffices` to explicitly state the simplified form.

Note: This linter can be disabled with `set_option linter.flexible false`
info: LeanCspProver/CSP_F/CSP_F_law.lean:228:8: 'exact False.elim ((in_failures_DIV (f := ((s, Y) : failure α)) (M := M2)) hs)' uses '⊢'!
⚠ [8180/8232] Built LeanCspProver.CSP_T.CSP_T_law_etc (11s)
warning: LeanCspProver/CSP_T/CSP_T_law_etc.lean:261:2: This central dot `·` is isolated; please merge it with the next line.

Note: This linter can be disabled with `set_option linter.style.cdot false`
warning: LeanCspProver/CSP_T/CSP_T_law_etc.lean:267:2: This central dot `·` is isolated; please merge it with the next line.

Note: This linter can be disabled with `set_option linter.style.cdot false`
warning: LeanCspProver/CSP_T/CSP_T_law_etc.lean:273:2: This central dot `·` is isolated; please merge it with the next line.

Note: This linter can be disabled with `set_option linter.style.cdot false`
warning: LeanCspProver/CSP_T/CSP_T_law_etc.lean:279:2: This central dot `·` is isolated; please merge it with the next line.

Note: This linter can be disabled with `set_option linter.style.cdot false`
✔ [8181/8232] Built LeanCspProver.CSP_F.CSP_F_law_aux (10s)
✔ [8182/8232] Built LeanCspProver.CSP_T.CSP_T_tactic (10s)
✔ [8183/8232] Built LeanCspProver.CSP_F.CSP_F_law_etc (10s)
✔ [8184/8232] Built LeanCspProver.CSP_T.CSP_T_Main (10s)
✔ [8185/8232] Built LeanCspProver.CSP_F.CSP_F_tactic (10s)
✔ [8186/8232] Built LeanCspProver.CSP_T.CSP_T (10s)
✔ [8187/8232] Built LeanCspProver.CSP_F.CSP_F_Main (10s)
✔ [8188/8232] Built LeanCspProver.CSP_F.CSP_F (12s)
⚠ [8189/8232] Built LeanCspProver.FNF_F.FNF_F_nf_def (12s)
warning: LeanCspProver/FNF_F/FNF_F_nf_def.lean:211:100: This line exceeds the 100 character limit, please shorten it!

Note: This linter can be disabled with `set_option linter.style.longLine false`
warning: LeanCspProver/FNF_F/FNF_F_nf_def.lean:329:100: This line exceeds the 100 character limit, please shorten it!

Note: This linter can be disabled with `set_option linter.style.longLine false`
✔ [8190/8232] Built LeanCspProver.FNF_F.FNF_F_sf_def (12s)
⚠ [8191/8232] Built LeanCspProver.DFP.DFP_subseteqEX (13s)
warning: LeanCspProver/DFP/DFP_subseteqEX.lean:18:5: please avoid 'open (scoped) Classical' statements: this can hide theorem statements which would be better stated with explicit decidability statements.
Instead, use `open Classical in` for definitions or instances, the `classical` tactic for proofs.
For theorem statements, either add missing decidability assumptions or use `open Classical in`.

Note: This linter can be disabled with `set_option linter.style.openClassical false`
warning: LeanCspProver/DFP/DFP_subseteqEX.lean:176:100: This line exceeds the 100 character limit, please shorten it!

Note: This linter can be disabled with `set_option linter.style.longLine false`
warning: LeanCspProver/DFP/DFP_subseteqEX.lean:178:100: This line exceeds the 100 character limit, please shorten it!

Note: This linter can be disabled with `set_option linter.style.longLine false`
warning: LeanCspProver/DFP/DFP_subseteqEX.lean:180:100: This line exceeds the 100 character limit, please shorten it!

Note: This linter can be disabled with `set_option linter.style.longLine false`
warning: LeanCspProver/DFP/DFP_subseteqEX.lean:218:100: This line exceeds the 100 character limit, please shorten it!

Note: This linter can be disabled with `set_option linter.style.longLine false`
warning: LeanCspProver/DFP/DFP_subseteqEX.lean:220:100: This line exceeds the 100 character limit, please shorten it!

Note: This linter can be disabled with `set_option linter.style.longLine false`
warning: LeanCspProver/DFP/DFP_subseteqEX.lean:256:100: This line exceeds the 100 character limit, please shorten it!

Note: This linter can be disabled with `set_option linter.style.longLine false`
warning: LeanCspProver/DFP/DFP_subseteqEX.lean:258:100: This line exceeds the 100 character limit, please shorten it!

Note: This linter can be disabled with `set_option linter.style.longLine false`
warning: LeanCspProver/DFP/DFP_subseteqEX.lean:294:100: This line exceeds the 100 character limit, please shorten it!

Note: This linter can be disabled with `set_option linter.style.longLine false`
warning: LeanCspProver/DFP/DFP_subseteqEX.lean:296:100: This line exceeds the 100 character limit, please shorten it!

Note: This linter can be disabled with `set_option linter.style.longLine false`
warning: LeanCspProver/DFP/DFP_subseteqEX.lean:321:100: This line exceeds the 100 character limit, please shorten it!

Note: This linter can be disabled with `set_option linter.style.longLine false`
warning: LeanCspProver/DFP/DFP_subseteqEX.lean:323:100: This line exceeds the 100 character limit, please shorten it!

Note: This linter can be disabled with `set_option linter.style.longLine false`
warning: LeanCspProver/DFP/DFP_subseteqEX.lean:343:100: This line exceeds the 100 character limit, please shorten it!

Note: This linter can be disabled with `set_option linter.style.longLine false`
warning: LeanCspProver/DFP/DFP_subseteqEX.lean:391:100: This line exceeds the 100 character limit, please shorten it!

Note: This linter can be disabled with `set_option linter.style.longLine false`
✔ [8192/8232] Built LeanCspProver.NBuff.TwoBuff (17s)
✔ [8193/8232] Built LeanCspProver.ep2.ep2_nucleus (17s)
⚠ [8194/8232] Built LeanCspProver.ep2.ep2_acl (17s)
warning: LeanCspProver/ep2/ep2_acl.lean:240:100: This line exceeds the 100 character limit, please shorten it!

Note: This linter can be disabled with `set_option linter.style.longLine false`
warning: LeanCspProver/ep2/ep2_acl.lean:314:100: This line exceeds the 100 character limit, please shorten it!

Note: This linter can be disabled with `set_option linter.style.longLine false`
⚠ [8195/8232] Built LeanCspProver.DM.DM1_Imp_def (17s)
warning: LeanCspProver/DM/DM1_Imp_def.lean:65:4: try 'simp' instead of 'simpa'

Note: This linter can be disabled with `set_option linter.unnecessarySimpa false`
⚠ [8196/8232] Built LeanCspProver.FNF_F.FNF_F_sf_rest (17s)
warning: LeanCspProver/FNF_F/FNF_F_sf_rest.lean:290:2: try 'simp' instead of 'simpa'

Note: This linter can be disabled with `set_option linter.unnecessarySimpa false`
✔ [8197/8232] Built LeanCspProver.FNF_F.FNF_F_nf_id (17s)
✔ [8198/8232] Built LeanCspProver.FNF_F.FNF_F_sf_int (17s)
✔ [8199/8232] Built LeanCspProver.FNF_F.FNF_F_nf_int (17s)
⚠ [8200/8232] Built LeanCspProver.DFP.DFP_Network (17s)
warning: LeanCspProver/DFP/DFP_Network.lean:93:100: This line exceeds the 100 character limit, please shorten it!

Note: This linter can be disabled with `set_option linter.style.longLine false`
warning: LeanCspProver/DFP/DFP_Network.lean:100:100: This line exceeds the 100 character limit, please shorten it!

Note: This linter can be disabled with `set_option linter.style.longLine false`
warning: LeanCspProver/DFP/DFP_Network.lean:236:100: This line exceeds the 100 character limit, please shorten it!

Note: This linter can be disabled with `set_option linter.style.longLine false`
warning: LeanCspProver/DFP/DFP_Network.lean:340:100: This line exceeds the 100 character limit, please shorten it!

Note: This linter can be disabled with `set_option linter.style.longLine false`
✔ [8201/8232] Built LeanCspProver.DM.DM2_para (13s)
✔ [8202/8232] Built LeanCspProver.FNF_F.FNF_F_sf_induct (13s)
✔ [8203/8232] Built LeanCspProver.ep2.ep2_ccl (13s)
⚠ [8204/8232] Built LeanCspProver.DFP.DFP_Deadlock (13s)
warning: LeanCspProver/DFP/DFP_Deadlock.lean:18:5: please avoid 'open (scoped) Classical' statements: this can hide theorem statements which would be better stated with explicit decidability statements.
Instead, use `open Classical in` for definitions or instances, the `classical` tactic for proofs.
For theorem statements, either add missing decidability assumptions or use `open Classical in`.

Note: This linter can be disabled with `set_option linter.style.openClassical false`
warning: LeanCspProver/DFP/DFP_Deadlock.lean:187:21: try 'simp' instead of 'simpa'

Note: This linter can be disabled with `set_option linter.unnecessarySimpa false`
warning: LeanCspProver/DFP/DFP_Deadlock.lean:189:21: try 'simp' instead of 'simpa'

Note: This linter can be disabled with `set_option linter.unnecessarySimpa false`
warning: LeanCspProver/DFP/DFP_Deadlock.lean:243:5: unused variable `hI`

Note: This linter can be disabled with `set_option linter.unusedVariables false`
warning: LeanCspProver/DFP/DFP_Deadlock.lean:244:5: unused variable `hFin`

Note: This linter can be disabled with `set_option linter.unusedVariables false`
warning: LeanCspProver/DFP/DFP_Deadlock.lean:343:100: This line exceeds the 100 character limit, please shorten it!

Note: This linter can be disabled with `set_option linter.style.longLine false`
⚠ [8205/8232] Built LeanCspProver.DM.DM3_hide (13s)
warning: LeanCspProver/DM/DM3_hide.lean:101:100: This line exceeds the 100 character limit, please shorten it!

Note: This linter can be disabled with `set_option linter.style.longLine false`
warning: LeanCspProver/DM/DM3_hide.lean:243:100: This line exceeds the 100 character limit, please shorten it!

Note: This linter can be disabled with `set_option linter.style.longLine false`
warning: LeanCspProver/DM/DM3_hide.lean:259:100: This line exceeds the 100 character limit, please shorten it!

Note: This linter can be disabled with `set_option linter.style.longLine false`
⚠ [8206/8232] Built LeanCspProver.FNF_F.FNF_F_sf_ext (13s)
warning: LeanCspProver/FNF_F/FNF_F_sf_ext.lean:113:6: 'simp [hBoth]' is a flexible tactic modifying '⊢'. Try 'simp?' and use the suggested 'simp only [...]'. Alternatively, use `suffices` to explicitly state the simplified form.

Note: This linter can be disabled with `set_option linter.flexible false`
info: LeanCspProver/FNF_F/FNF_F_sf_ext.lean:114:6: 'exact fsfF_Int_choice_in (hPf1 a hBoth.1) (hPf2 a hBoth.2)' uses '⊢'!
warning: LeanCspProver/FNF_F/FNF_F_sf_ext.lean:119:8: 'simp [hA1, hA2]' is a flexible tactic modifying '⊢'. Try 'simp?' and use the suggested 'simp only [...]'. Alternatively, use `suffices` to explicitly state the simplified form.

Note: This linter can be disabled with `set_option linter.flexible false`
info: LeanCspProver/FNF_F/FNF_F_sf_ext.lean:120:8: 'exact hPf1 a hA1' uses '⊢'!
warning: LeanCspProver/FNF_F/FNF_F_sf_ext.lean:125:8: 'simp [hA1, hA2]' is a flexible tactic modifying '⊢'. Try 'simp?' and use the suggested 'simp only [...]'. Alternatively, use `suffices` to explicitly state the simplified form.

Note: This linter can be disabled with `set_option linter.flexible false`
info: LeanCspProver/FNF_F/FNF_F_sf_ext.lean:126:8: 'exact hPf2 a hA2' uses '⊢'!
✔ [8207/8232] Built LeanCspProver.FNF_F.FNF_F_sf_ren (13s)
✔ [8208/8232] Built LeanCspProver.DFP.DFP_DFtick (13s)
⚠ [8209/8232] Built LeanCspProver.DFP.DFP_Block (13s)
warning: LeanCspProver/DFP/DFP_Block.lean:21:5: please avoid 'open (scoped) Classical' statements: this can hide theorem statements which would be better stated with explicit decidability statements.
Instead, use `open Classical in` for definitions or instances, the `classical` tactic for proofs.
For theorem statements, either add missing decidability assumptions or use `open Classical in`.

Note: This linter can be disabled with `set_option linter.style.openClassical false`
warning: LeanCspProver/DFP/DFP_Block.lean:206:2: try 'simp' instead of 'simpa'

Note: This linter can be disabled with `set_option linter.unnecessarySimpa false`
warning: LeanCspProver/DFP/DFP_Block.lean:210:5: unused variable `hI`

Note: This linter can be disabled with `set_option linter.unusedVariables false`
warning: LeanCspProver/DFP/DFP_Block.lean:211:5: unused variable `hFin`

Note: This linter can be disabled with `set_option linter.unusedVariables false`
warning: LeanCspProver/DFP/DFP_Block.lean:215:4: Try this: intro hBusy i hi
warning: LeanCspProver/DFP/DFP_Block.lean:228:4: Try this: intro hBusyP i hi sigma hSigma
warning: LeanCspProver/DFP/DFP_Block.lean:251:100: This line exceeds the 100 character limit, please shorten it!

Note: This linter can be disabled with `set_option linter.style.longLine false`
warning: LeanCspProver/DFP/DFP_Block.lean:428:2: Try `simp at this` instead of `simpa using this`

Note: This linter can be disabled with `set_option linter.unnecessarySimpa false`
⚠ [8210/8232] Built LeanCspProver.FNF_F.FNF_F_sf_seq (13s)
warning: LeanCspProver/FNF_F/FNF_F_sf_seq.lean:113:6: 'simp [SP_step_Seq_compo_def]' is a flexible tactic modifying '⊢'. Try 'simp?' and use the suggested 'simp only [...]'. Alternatively, use `suffices` to explicitly state the simplified form.

Note: This linter can be disabled with `set_option linter.flexible false`
info: LeanCspProver/FNF_F/FNF_F_sf_seq.lean:114:6: 'apply fsfF_Timeout_in' uses '⊢'!
warning: LeanCspProver/FNF_F/FNF_F_sf_seq.lean:113:6: 'simp [SP_step_Seq_compo_def]' is a flexible tactic modifying '⊢'. Try 'simp?' and use the suggested 'simp only [...]'. Alternatively, use `suffices` to explicitly state the simplified form.

Note: This linter can be disabled with `set_option linter.flexible false`
info: LeanCspProver/FNF_F/FNF_F_sf_seq.lean:115:8: 'refine fsfF_proc.fsfF_proc_ext ?_ (Or.inr <| Or.inr rfl)' uses '⊢'!
warning: LeanCspProver/FNF_F/FNF_F_sf_seq.lean:113:6: 'simp [SP_step_Seq_compo_def]' is a flexible tactic modifying '⊢'. Try 'simp?' and use the suggested 'simp only [...]'. Alternatively, use `suffices` to explicitly state the simplified form.

Note: This linter can be disabled with `set_option linter.flexible false`
info: LeanCspProver/FNF_F/FNF_F_sf_seq.lean:116:8: 'intro a ha' uses '⊢'!
warning: LeanCspProver/FNF_F/FNF_F_sf_seq.lean:113:6: 'simp [SP_step_Seq_compo_def]' is a flexible tactic modifying '⊢'. Try 'simp?' and use the suggested 'simp only [...]'. Alternatively, use `suffices` to explicitly state the simplified form.

Note: This linter can be disabled with `set_option linter.flexible false`
info: LeanCspProver/FNF_F/FNF_F_sf_seq.lean:117:8: 'exact hSPf a ha' uses '⊢'!
warning: LeanCspProver/FNF_F/FNF_F_sf_seq.lean:113:6: 'simp [SP_step_Seq_compo_def]' is a flexible tactic modifying '⊢'. Try 'simp?' and use the suggested 'simp only [...]'. Alternatively, use `suffices` to explicitly state the simplified form.

Note: This linter can be disabled with `set_option linter.flexible false`
info: LeanCspProver/FNF_F/FNF_F_sf_seq.lean:118:8: 'exact hP2' uses '⊢'!
warning: LeanCspProver/FNF_F/FNF_F_sf_seq.lean:123:10: 'simp [SP_step_Seq_compo_def]' is a flexible tactic modifying '⊢'. Try 'simp?' and use the suggested 'simp only [...]'. Alternatively, use `suffices` to explicitly state the simplified form.

Note: This linter can be disabled with `set_option linter.flexible false`
info: LeanCspProver/FNF_F/FNF_F_sf_seq.lean:124:10: 'apply fsfF_Timeout_in' uses '⊢'!
warning: LeanCspProver/FNF_F/FNF_F_sf_seq.lean:123:10: 'simp [SP_step_Seq_compo_def]' is a flexible tactic modifying '⊢'. Try 'simp?' and use the suggested 'simp only [...]'. Alternatively, use `suffices` to explicitly state the simplified form.

Note: This linter can be disabled with `set_option linter.flexible false`
info: LeanCspProver/FNF_F/FNF_F_sf_seq.lean:125:12: 'refine fsfF_proc.fsfF_proc_ext ?_ (Or.inr <| Or.inr rfl)' uses '⊢'!
warning: LeanCspProver/FNF_F/FNF_F_sf_seq.lean:123:10: 'simp [SP_step_Seq_compo_def]' is a flexible tactic modifying '⊢'. Try 'simp?' and use the suggested 'simp only [...]'. Alternatively, use `suffices` to explicitly state the simplified form.

Note: This linter can be disabled with `set_option linter.flexible false`
info: LeanCspProver/FNF_F/FNF_F_sf_seq.lean:126:12: 'intro a ha' uses '⊢'!
warning: LeanCspProver/FNF_F/FNF_F_sf_seq.lean:123:10: 'simp [SP_step_Seq_compo_def]' is a flexible tactic modifying '⊢'. Try 'simp?' and use the suggested 'simp only [...]'. Alternatively, use `suffices` to explicitly state the simplified form.

Note: This linter can be disabled with `set_option linter.flexible false`
info: LeanCspProver/FNF_F/FNF_F_sf_seq.lean:127:12: 'exact hSPf a ha' uses '⊢'!
warning: LeanCspProver/FNF_F/FNF_F_sf_seq.lean:123:10: 'simp [SP_step_Seq_compo_def]' is a flexible tactic modifying '⊢'. Try 'simp?' and use the suggested 'simp only [...]'. Alternatively, use `suffices` to explicitly state the simplified form.

Note: This linter can be disabled with `set_option linter.flexible false`
info: LeanCspProver/FNF_F/FNF_F_sf_seq.lean:128:12: 'exact fsfF_SDIV_in' uses '⊢'!
warning: LeanCspProver/FNF_F/FNF_F_sf_seq.lean:131:10: 'simp [SP_step_Seq_compo_def]' is a flexible tactic modifying '⊢'. Try 'simp?' and use the suggested 'simp only [...]'. Alternatively, use `suffices` to explicitly state the simplified form.

Note: This linter can be disabled with `set_option linter.flexible false`
info: LeanCspProver/FNF_F/FNF_F_sf_seq.lean:132:10: 'refine fsfF_proc.fsfF_proc_ext ?_ (Or.inr <| Or.inr rfl)' uses '⊢'!
warning: LeanCspProver/FNF_F/FNF_F_sf_seq.lean:131:10: 'simp [SP_step_Seq_compo_def]' is a flexible tactic modifying '⊢'. Try 'simp?' and use the suggested 'simp only [...]'. Alternatively, use `suffices` to explicitly state the simplified form.

Note: This linter can be disabled with `set_option linter.flexible false`
info: LeanCspProver/FNF_F/FNF_F_sf_seq.lean:133:10: 'intro a ha' uses '⊢'!
warning: LeanCspProver/FNF_F/FNF_F_sf_seq.lean:131:10: 'simp [SP_step_Seq_compo_def]' is a flexible tactic modifying '⊢'. Try 'simp?' and use the suggested 'simp only [...]'. Alternatively, use `suffices` to explicitly state the simplified form.

Note: This linter can be disabled with `set_option linter.flexible false`
info: LeanCspProver/FNF_F/FNF_F_sf_seq.lean:134:10: 'exact hSPf a ha' uses '⊢'!
✔ [8211/8232] Built LeanCspProver.FNF_F.FNF_F_sf_par (13s)
✔ [8212/8232] Built LeanCspProver.DM.DM4_Spc_def (13s)
⚠ [8213/8232] Built LeanCspProver.FNF_F.FNF_F_sf_hide (13s)
warning: LeanCspProver/FNF_F/FNF_F_sf_hide.lean:122:6: 'simp [SP_step_Hiding_def]' is a flexible tactic modifying '⊢'. Try 'simp?' and use the suggested 'simp only [...]'. Alternatively, use `suffices` to explicitly state the simplified form.

Note: This linter can be disabled with `set_option linter.flexible false`
info: LeanCspProver/FNF_F/FNF_F_sf_hide.lean:123:6: 'apply fsfF_Int_choice_in' uses '⊢'!
warning: LeanCspProver/FNF_F/FNF_F_sf_hide.lean:122:6: 'simp [SP_step_Hiding_def]' is a flexible tactic modifying '⊢'. Try 'simp?' and use the suggested 'simp only [...]'. Alternatively, use `suffices` to explicitly state the simplified form.

Note: This linter can be disabled with `set_option linter.flexible false`
info: LeanCspProver/FNF_F/FNF_F_sf_hide.lean:124:8: 'refine fsfF_proc.fsfF_proc_ext ?_ (Or.inl rfl)' uses '⊢'!
warning: LeanCspProver/FNF_F/FNF_F_sf_hide.lean:122:6: 'simp [SP_step_Hiding_def]' is a flexible tactic modifying '⊢'. Try 'simp?' and use the suggested 'simp only [...]'. Alternatively, use `suffices` to explicitly state the simplified form.

Note: This linter can be disabled with `set_option linter.flexible false`
info: LeanCspProver/FNF_F/FNF_F_sf_hide.lean:125:8: 'intro a ha' uses '⊢'!
warning: LeanCspProver/FNF_F/FNF_F_sf_hide.lean:122:6: 'simp [SP_step_Hiding_def]' is a flexible tactic modifying '⊢'. Try 'simp?' and use the suggested 'simp only [...]'. Alternatively, use `suffices` to explicitly state the simplified form.

Note: This linter can be disabled with `set_option linter.flexible false`
info: LeanCspProver/FNF_F/FNF_F_sf_hide.lean:126:8: 'exact hSPf a ha.1' uses '⊢'!
warning: LeanCspProver/FNF_F/FNF_F_sf_hide.lean:122:6: 'simp [SP_step_Hiding_def]' is a flexible tactic modifying '⊢'. Try 'simp?' and use the suggested 'simp only [...]'. Alternatively, use `suffices` to explicitly state the simplified form.

Note: This linter can be disabled with `set_option linter.flexible false`
info: LeanCspProver/FNF_F/FNF_F_sf_hide.lean:127:8: 'apply fsfF_Rep_int_choice_com_in' uses '⊢'!
warning: LeanCspProver/FNF_F/FNF_F_sf_hide.lean:122:6: 'simp [SP_step_Hiding_def]' is a flexible tactic modifying '⊢'. Try 'simp?' and use the suggested 'simp only [...]'. Alternatively, use `suffices` to explicitly state the simplified form.

Note: This linter can be disabled with `set_option linter.flexible false`
info: LeanCspProver/FNF_F/FNF_F_sf_hide.lean:128:8: 'intro a ha' uses '⊢'!
warning: LeanCspProver/FNF_F/FNF_F_sf_hide.lean:122:6: 'simp [SP_step_Hiding_def]' is a flexible tactic modifying '⊢'. Try 'simp?' and use the suggested 'simp only [...]'. Alternatively, use `suffices` to explicitly state the simplified form.

Note: This linter can be disabled with `set_option linter.flexible false`
info: LeanCspProver/FNF_F/FNF_F_sf_hide.lean:129:8: 'exact hSPf a ha.1' uses '⊢'!
warning: LeanCspProver/FNF_F/FNF_F_sf_hide.lean:134:10: 'simp [SP_step_Hiding_def]' is a flexible tactic modifying '⊢'. Try 'simp?' and use the suggested 'simp only [...]'. Alternatively, use `suffices` to explicitly state the simplified form.

Note: This linter can be disabled with `set_option linter.flexible false`
info: LeanCspProver/FNF_F/FNF_F_sf_hide.lean:135:10: 'apply fsfF_Int_choice_in' uses '⊢'!
warning: LeanCspProver/FNF_F/FNF_F_sf_hide.lean:134:10: 'simp [SP_step_Hiding_def]' is a flexible tactic modifying '⊢'. Try 'simp?' and use the suggested 'simp only [...]'. Alternatively, use `suffices` to explicitly state the simplified form.

Note: This linter can be disabled with `set_option linter.flexible false`
info: LeanCspProver/FNF_F/FNF_F_sf_hide.lean:136:12: 'refine fsfF_proc.fsfF_proc_ext ?_ (Or.inr <| Or.inl rfl)' uses '⊢'!
warning: LeanCspProver/FNF_F/FNF_F_sf_hide.lean:134:10: 'simp [SP_step_Hiding_def]' is a flexible tactic modifying '⊢'. Try 'simp?' and use the suggested 'simp only [...]'. Alternatively, use `suffices` to explicitly state the simplified form.

Note: This linter can be disabled with `set_option linter.flexible false`
info: LeanCspProver/FNF_F/FNF_F_sf_hide.lean:137:12: 'intro a ha' uses '⊢'!
warning: LeanCspProver/FNF_F/FNF_F_sf_hide.lean:134:10: 'simp [SP_step_Hiding_def]' is a flexible tactic modifying '⊢'. Try 'simp?' and use the suggested 'simp only [...]'. Alternatively, use `suffices` to explicitly state the simplified form.

Note: This linter can be disabled with `set_option linter.flexible false`
info: LeanCspProver/FNF_F/FNF_F_sf_hide.lean:138:12: 'exact hSPf a ha.1' uses '⊢'!
warning: LeanCspProver/FNF_F/FNF_F_sf_hide.lean:134:10: 'simp [SP_step_Hiding_def]' is a flexible tactic modifying '⊢'. Try 'simp?' and use the suggested 'simp only [...]'. Alternatively, use `suffices` to explicitly state the simplified form.

Note: This linter can be disabled with `set_option linter.flexible false`
info: LeanCspProver/FNF_F/FNF_F_sf_hide.lean:139:12: 'apply fsfF_Rep_int_choice_com_in' uses '⊢'!
warning: LeanCspProver/FNF_F/FNF_F_sf_hide.lean:134:10: 'simp [SP_step_Hiding_def]' is a flexible tactic modifying '⊢'. Try 'simp?' and use the suggested 'simp only [...]'. Alternatively, use `suffices` to explicitly state the simplified form.

Note: This linter can be disabled with `set_option linter.flexible false`
info: LeanCspProver/FNF_F/FNF_F_sf_hide.lean:140:12: 'intro a ha' uses '⊢'!
warning: LeanCspProver/FNF_F/FNF_F_sf_hide.lean:134:10: 'simp [SP_step_Hiding_def]' is a flexible tactic modifying '⊢'. Try 'simp?' and use the suggested 'simp only [...]'. Alternatively, use `suffices` to explicitly state the simplified form.

Note: This linter can be disabled with `set_option linter.flexible false`
info: LeanCspProver/FNF_F/FNF_F_sf_hide.lean:141:12: 'exact hSPf a ha.1' uses '⊢'!
warning: LeanCspProver/FNF_F/FNF_F_sf_hide.lean:145:12: 'simp [SP_step_Hiding_def, hEmpty]' is a flexible tactic modifying '⊢'. Try 'simp?' and use the suggested 'simp only [...]'. Alternatively, use `suffices` to explicitly state the simplified form.

Note: This linter can be disabled with `set_option linter.flexible false`
info: LeanCspProver/FNF_F/FNF_F_sf_hide.lean:146:12: 'exact fsfF_proc.fsfF_proc_ext hSPf (Or.inr <| Or.inr rfl)' uses '⊢'!
warning: LeanCspProver/FNF_F/FNF_F_sf_hide.lean:147:12: 'simp [SP_step_Hiding_def, hEmpty]' is a flexible tactic modifying '⊢'. Try 'simp?' and use the suggested 'simp only [...]'. Alternatively, use `suffices` to explicitly state the simplified form.

Note: This linter can be disabled with `set_option linter.flexible false`
info: LeanCspProver/FNF_F/FNF_F_sf_hide.lean:148:12: 'apply fsfF_Timeout_in' uses '⊢'!
warning: LeanCspProver/FNF_F/FNF_F_sf_hide.lean:147:12: 'simp [SP_step_Hiding_def, hEmpty]' is a flexible tactic modifying '⊢'. Try 'simp?' and use the suggested 'simp only [...]'. Alternatively, use `suffices` to explicitly state the simplified form.

Note: This linter can be disabled with `set_option linter.flexible false`
info: LeanCspProver/FNF_F/FNF_F_sf_hide.lean:149:14: 'refine fsfF_proc.fsfF_proc_ext ?_ (Or.inr <| Or.inr rfl)' uses '⊢'!
warning: LeanCspProver/FNF_F/FNF_F_sf_hide.lean:147:12: 'simp [SP_step_Hiding_def, hEmpty]' is a flexible tactic modifying '⊢'. Try 'simp?' and use the suggested 'simp only [...]'. Alternatively, use `suffices` to explicitly state the simplified form.

Note: This linter can be disabled with `set_option linter.flexible false`
info: LeanCspProver/FNF_F/FNF_F_sf_hide.lean:150:14: 'intro a ha' uses '⊢'!
warning: LeanCspProver/FNF_F/FNF_F_sf_hide.lean:147:12: 'simp [SP_step_Hiding_def, hEmpty]' is a flexible tactic modifying '⊢'. Try 'simp?' and use the suggested 'simp only [...]'. Alternatively, use `suffices` to explicitly state the simplified form.

Note: This linter can be disabled with `set_option linter.flexible false`
info: LeanCspProver/FNF_F/FNF_F_sf_hide.lean:151:14: 'exact hSPf a ha.1' uses '⊢'!
warning: LeanCspProver/FNF_F/FNF_F_sf_hide.lean:147:12: 'simp [SP_step_Hiding_def, hEmpty]' is a flexible tactic modifying '⊢'. Try 'simp?' and use the suggested 'simp only [...]'. Alternatively, use `suffices` to explicitly state the simplified form.

Note: This linter can be disabled with `set_option linter.flexible false`
info: LeanCspProver/FNF_F/FNF_F_sf_hide.lean:152:14: 'apply fsfF_Rep_int_choice_com_in' uses '⊢'!
warning: LeanCspProver/FNF_F/FNF_F_sf_hide.lean:147:12: 'simp [SP_step_Hiding_def, hEmpty]' is a flexible tactic modifying '⊢'. Try 'simp?' and use the suggested 'simp only [...]'. Alternatively, use `suffices` to explicitly state the simplified form.

Note: This linter can be disabled with `set_option linter.flexible false`
info: LeanCspProver/FNF_F/FNF_F_sf_hide.lean:153:14: 'intro a ha' uses '⊢'!
warning: LeanCspProver/FNF_F/FNF_F_sf_hide.lean:147:12: 'simp [SP_step_Hiding_def, hEmpty]' is a flexible tactic modifying '⊢'. Try 'simp?' and use the suggested 'simp only [...]'. Alternatively, use `suffices` to explicitly state the simplified form.

Note: This linter can be disabled with `set_option linter.flexible false`
info: LeanCspProver/FNF_F/FNF_F_sf_hide.lean:154:14: 'exact hSPf a ha.1' uses '⊢'!
⚠ [8214/8232] Built LeanCspProver.DFP.DFP_Proof_Rule1 (13s)
warning: LeanCspProver/DFP/DFP_Proof_Rule1.lean:18:5: please avoid 'open (scoped) Classical' statements: this can hide theorem statements which would be better stated with explicit decidability statements.
Instead, use `open Classical in` for definitions or instances, the `classical` tactic for proofs.
For theorem statements, either add missing decidability assumptions or use `open Classical in`.

Note: This linter can be disabled with `set_option linter.style.openClassical false`
warning: LeanCspProver/DFP/DFP_Proof_Rule1.lean:69:4: 'simp at hk' is a flexible tactic modifying 'hk'. Try 'simp?' and use the suggested 'simp only [...]'. Alternatively, use `suffices` to explicitly state the simplified form.

Note: This linter can be disabled with `set_option linter.flexible false`
info: LeanCspProver/DFP/DFP_Proof_Rule1.lean:69:4: Try this:
  [apply] simp only [Set.mem_union] at hk
info: LeanCspProver/DFP/DFP_Proof_Rule1.lean:70:4: 'rcases hk with rfl | rfl' uses 'hk'!
warning: LeanCspProver/DFP/DFP_Proof_Rule1.lean:69:4: 'simp at hk' is a flexible tactic modifying 'hk'. Try 'simp?' and use the suggested 'simp only [...]'. Alternatively, use `suffices` to explicitly state the simplified form.

Note: This linter can be disabled with `set_option linter.flexible false`
info: LeanCspProver/DFP/DFP_Proof_Rule1.lean:69:4: Try this:
  [apply] simp only [Set.mem_union] at hk
info: LeanCspProver/DFP/DFP_Proof_Rule1.lean:71:6: 'exact Or.inl haA' uses 'hk'!
warning: LeanCspProver/DFP/DFP_Proof_Rule1.lean:69:4: 'simp at hk' is a flexible tactic modifying 'hk'. Try 'simp?' and use the suggested 'simp only [...]'. Alternatively, use `suffices` to explicitly state the simplified form.

Note: This linter can be disabled with `set_option linter.flexible false`
info: LeanCspProver/DFP/DFP_Proof_Rule1.lean:69:4: Try this:
  [apply] simp only [Set.mem_union] at hk
info: LeanCspProver/DFP/DFP_Proof_Rule1.lean:72:6: 'exact Or.inr haA' uses 'hk'!
warning: LeanCspProver/DFP/DFP_Proof_Rule1.lean:147:4: 'simp at hk' is a flexible tactic modifying 'hk'. Try 'simp?' and use the suggested 'simp only [...]'. Alternatively, use `suffices` to explicitly state the simplified form.

Note: This linter can be disabled with `set_option linter.flexible false`
info: LeanCspProver/DFP/DFP_Proof_Rule1.lean:148:4: 'rcases hk with rfl | rfl' uses 'hk'!
warning: LeanCspProver/DFP/DFP_Proof_Rule1.lean:147:4: 'simp at hk' is a flexible tactic modifying 'hk'. Try 'simp?' and use the suggested 'simp only [...]'. Alternatively, use `suffices` to explicitly state the simplified form.

Note: This linter can be disabled with `set_option linter.flexible false`
info: LeanCspProver/DFP/DFP_Proof_Rule1.lean:149:6: 'exact hiI' uses 'hk'!
warning: LeanCspProver/DFP/DFP_Proof_Rule1.lean:147:4: 'simp at hk' is a flexible tactic modifying 'hk'. Try 'simp?' and use the suggested 'simp only [...]'. Alternatively, use `suffices` to explicitly state the simplified form.

Note: This linter can be disabled with `set_option linter.flexible false`
info: LeanCspProver/DFP/DFP_Proof_Rule1.lean:150:6: 'exact hjI' uses 'hk'!
⚠ [8216/8232] Replayed LeanCspProver.SA_Kung.SA_definition
warning: LeanCspProver/SA_Kung/SA_definition.lean:155:100: This line exceeds the 100 character limit, please shorten it!

Note: This linter can be disabled with `set_option linter.style.longLine false`
warning: LeanCspProver/SA_Kung/SA_definition.lean:182:100: This line exceeds the 100 character limit, please shorten it!

Note: This linter can be disabled with `set_option linter.style.longLine false`
warning: LeanCspProver/SA_Kung/SA_definition.lean:212:100: This line exceeds the 100 character limit, please shorten it!

Note: This linter can be disabled with `set_option linter.style.longLine false`
warning: LeanCspProver/SA_Kung/SA_definition.lean:215:100: This line exceeds the 100 character limit, please shorten it!

Note: This linter can be disabled with `set_option linter.style.longLine false`
⚠ [8217/8232] Replayed LeanCspProver.SA_Kung.SA_condition
warning: LeanCspProver/SA_Kung/SA_condition.lean:278:2: 'simp [Faiures_out_def] at hMem' is a flexible tactic modifying 'hMem'. Try 'simp?' and use the suggested 'simp only [...]'. Alternatively, use `suffices` to explicitly state the simplified form.

Note: This linter can be disabled with `set_option linter.flexible false`
info: LeanCspProver/SA_Kung/SA_condition.lean:278:2: Try this:
  [apply] simp only [ne_eq] at hMem
info: LeanCspProver/SA_Kung/SA_condition.lean:279:2: 'rcases hMem with hMem | hMem' uses 'hMem'!
warning: LeanCspProver/SA_Kung/SA_condition.lean:278:2: 'simp [Faiures_out_def] at hMem' is a flexible tactic modifying 'hMem'. Try 'simp?' and use the suggested 'simp only [...]'. Alternatively, use `suffices` to explicitly state the simplified form.

Note: This linter can be disabled with `set_option linter.flexible false`
info: LeanCspProver/SA_Kung/SA_condition.lean:278:2: Try this:
  [apply] simp only [ne_eq] at hMem
info: LeanCspProver/SA_Kung/SA_condition.lean:280:4: 'rcases hMem with hMem | hMem' uses 'hMem'!
warning: LeanCspProver/SA_Kung/SA_condition.lean:278:2: 'simp [Faiures_out_def] at hMem' is a flexible tactic modifying 'hMem'. Try 'simp?' and use the suggested 'simp only [...]'. Alternatively, use `suffices` to explicitly state the simplified form.

Note: This linter can be disabled with `set_option linter.flexible false`
info: LeanCspProver/SA_Kung/SA_condition.lean:278:2: Try this:
  [apply] simp only [ne_eq] at hMem
info: LeanCspProver/SA_Kung/SA_condition.lean:281:6: 'rcases hMem with ⟨_, rfl⟩' uses 'hMem'!
warning: LeanCspProver/SA_Kung/SA_condition.lean:278:2: 'simp [Faiures_out_def] at hMem' is a flexible tactic modifying 'hMem'. Try 'simp?' and use the suggested 'simp only [...]'. Alternatively, use `suffices` to explicitly state the simplified form.

Note: This linter can be disabled with `set_option linter.flexible false`
info: LeanCspProver/SA_Kung/SA_condition.lean:278:2: Try this:
  [apply] simp only [ne_eq] at hMem
info: LeanCspProver/SA_Kung/SA_condition.lean:282:6: 'exact Example1_out_base_ne (i := i) (j := j) (x := x) (y := y)' uses 'hMem'!
warning: LeanCspProver/SA_Kung/SA_condition.lean:278:2: 'simp [Faiures_out_def] at hMem' is a flexible tactic modifying 'hMem'. Try 'simp?' and use the suggested 'simp only [...]'. Alternatively, use `suffices` to explicitly state the simplified form.

Note: This linter can be disabled with `set_option linter.flexible false`
info: LeanCspProver/SA_Kung/SA_condition.lean:278:2: Try this:
  [apply] simp only [ne_eq] at hMem
info: LeanCspProver/SA_Kung/SA_condition.lean:283:6: 'rcases hMem with ⟨_, _, _, hInner⟩' uses 'hMem'!
warning: LeanCspProver/SA_Kung/SA_condition.lean:284:6: 'simp [Faiures_out_hori_def] at hInner' is a flexible tactic modifying 'hInner'. Try 'simp?' and use the suggested 'simp only [...]'. Alternatively, use `suffices` to explicitly state the simplified form.

Note: This linter can be disabled with `set_option linter.flexible false`
info: LeanCspProver/SA_Kung/SA_condition.lean:284:6: Try this:
  [apply] simp only [ne_eq] at hInner
info: LeanCspProver/SA_Kung/SA_condition.lean:285:6: 'rcases hInner with hBase | hRec' uses 'hInner'!
warning: LeanCspProver/SA_Kung/SA_condition.lean:278:2: 'simp [Faiures_out_def] at hMem' is a flexible tactic modifying 'hMem'. Try 'simp?' and use the suggested 'simp only [...]'. Alternatively, use `suffices` to explicitly state the simplified form.

Note: This linter can be disabled with `set_option linter.flexible false`
info: LeanCspProver/SA_Kung/SA_condition.lean:278:2: Try this:
  [apply] simp only [ne_eq] at hMem
info: LeanCspProver/SA_Kung/SA_condition.lean:285:6: 'rcases hInner with hBase | hRec' uses 'hMem'!
warning: LeanCspProver/SA_Kung/SA_condition.lean:278:2: 'simp [Faiures_out_def] at hMem' is a flexible tactic modifying 'hMem'. Try 'simp?' and use the suggested 'simp only [...]'. Alternatively, use `suffices` to explicitly state the simplified form.

Note: This linter can be disabled with `set_option linter.flexible false`
info: LeanCspProver/SA_Kung/SA_condition.lean:278:2: Try this:
  [apply] simp only [ne_eq] at hMem
info: LeanCspProver/SA_Kung/SA_condition.lean:287:8: 'exact Example1_out_hori_base_ne (i := i) (j := j) (y := y)' uses 'hMem'!
warning: LeanCspProver/SA_Kung/SA_condition.lean:278:2: 'simp [Faiures_out_def] at hMem' is a flexible tactic modifying 'hMem'. Try 'simp?' and use the suggested 'simp only [...]'. Alternatively, use `suffices` to explicitly state the simplified form.

Note: This linter can be disabled with `set_option linter.flexible false`
info: LeanCspProver/SA_Kung/SA_condition.lean:278:2: Try this:
  [apply] simp only [ne_eq] at hMem
info: LeanCspProver/SA_Kung/SA_condition.lean:289:8: 'exact hAll _ _ hRec' uses 'hMem'!
warning: LeanCspProver/SA_Kung/SA_condition.lean:278:2: 'simp [Faiures_out_def] at hMem' is a flexible tactic modifying 'hMem'. Try 'simp?' and use the suggested 'simp only [...]'. Alternatively, use `suffices` to explicitly state the simplified form.

Note: This linter can be disabled with `set_option linter.flexible false`
info: LeanCspProver/SA_Kung/SA_condition.lean:278:2: Try this:
  [apply] simp only [ne_eq] at hMem
info: LeanCspProver/SA_Kung/SA_condition.lean:290:4: 'rcases hMem with ⟨_, _, _, hInner⟩' uses 'hMem'!
warning: LeanCspProver/SA_Kung/SA_condition.lean:291:4: 'simp [Faiures_out_vert_def] at hInner' is a flexible tactic modifying 'hInner'. Try 'simp?' and use the suggested 'simp only [...]'. Alternatively, use `suffices` to explicitly state the simplified form.

Note: This linter can be disabled with `set_option linter.flexible false`
info: LeanCspProver/SA_Kung/SA_condition.lean:291:4: Try this:
  [apply] simp only [ne_eq] at hInner
info: LeanCspProver/SA_Kung/SA_condition.lean:292:4: 'rcases hInner with hBase | hRec' uses 'hInner'!
warning: LeanCspProver/SA_Kung/SA_condition.lean:278:2: 'simp [Faiures_out_def] at hMem' is a flexible tactic modifying 'hMem'. Try 'simp?' and use the suggested 'simp only [...]'. Alternatively, use `suffices` to explicitly state the simplified form.

Note: This linter can be disabled with `set_option linter.flexible false`
info: LeanCspProver/SA_Kung/SA_condition.lean:278:2: Try this:
  [apply] simp only [ne_eq] at hMem
info: LeanCspProver/SA_Kung/SA_condition.lean:292:4: 'rcases hInner with hBase | hRec' uses 'hMem'!
warning: LeanCspProver/SA_Kung/SA_condition.lean:278:2: 'simp [Faiures_out_def] at hMem' is a flexible tactic modifying 'hMem'. Try 'simp?' and use the suggested 'simp only [...]'. Alternatively, use `suffices` to explicitly state the simplified form.

Note: This linter can be disabled with `set_option linter.flexible false`
info: LeanCspProver/SA_Kung/SA_condition.lean:278:2: Try this:
  [apply] simp only [ne_eq] at hMem
info: LeanCspProver/SA_Kung/SA_condition.lean:294:6: 'exact Example1_out_vert_base_ne (i := i) (j := j) (x := x)' uses 'hMem'!
warning: LeanCspProver/SA_Kung/SA_condition.lean:278:2: 'simp [Faiures_out_def] at hMem' is a flexible tactic modifying 'hMem'. Try 'simp?' and use the suggested 'simp only [...]'. Alternatively, use `suffices` to explicitly state the simplified form.

Note: This linter can be disabled with `set_option linter.flexible false`
info: LeanCspProver/SA_Kung/SA_condition.lean:278:2: Try this:
  [apply] simp only [ne_eq] at hMem
info: LeanCspProver/SA_Kung/SA_condition.lean:296:6: 'exact hAll _ _ hRec' uses 'hMem'!
warning: LeanCspProver/SA_Kung/SA_condition.lean:306:6: Try `simp at hMem` instead of `simpa using hMem`

Note: This linter can be disabled with `set_option linter.unnecessarySimpa false`
warning: LeanCspProver/SA_Kung/SA_condition.lean:309:6: 'simp [peF_rec, Faiures_in_def] at hMem' is a flexible tactic modifying 'hMem'. Try 'simp?' and use the suggested 'simp only [...]'. Alternatively, use `suffices` to explicitly state the simplified form.

Note: This linter can be disabled with `set_option linter.flexible false`
info: LeanCspProver/SA_Kung/SA_condition.lean:309:6: Try this:
  [apply] simp only [ne_eq] at hMem
info: LeanCspProver/SA_Kung/SA_condition.lean:310:6: 'rcases hMem with hMem | hMem' uses 'hMem'!
warning: LeanCspProver/SA_Kung/SA_condition.lean:309:6: 'simp [peF_rec, Faiures_in_def] at hMem' is a flexible tactic modifying 'hMem'. Try 'simp?' and use the suggested 'simp only [...]'. Alternatively, use `suffices` to explicitly state the simplified form.

Note: This linter can be disabled with `set_option linter.flexible false`
info: LeanCspProver/SA_Kung/SA_condition.lean:309:6: Try this:
  [apply] simp only [ne_eq] at hMem
info: LeanCspProver/SA_Kung/SA_condition.lean:311:8: 'rcases hMem with hMem | hMem' uses 'hMem'!
warning: LeanCspProver/SA_Kung/SA_condition.lean:309:6: 'simp [peF_rec, Faiures_in_def] at hMem' is a flexible tactic modifying 'hMem'. Try 'simp?' and use the suggested 'simp only [...]'. Alternatively, use `suffices` to explicitly state the simplified form.

Note: This linter can be disabled with `set_option linter.flexible false`
info: LeanCspProver/SA_Kung/SA_condition.lean:309:6: Try this:
  [apply] simp only [ne_eq] at hMem
info: LeanCspProver/SA_Kung/SA_condition.lean:312:10: 'rcases hMem with ⟨_, rfl⟩' uses 'hMem'!
warning: LeanCspProver/SA_Kung/SA_condition.lean:309:6: 'simp [peF_rec, Faiures_in_def] at hMem' is a flexible tactic modifying 'hMem'. Try 'simp?' and use the suggested 'simp only [...]'. Alternatively, use `suffices` to explicitly state the simplified form.

Note: This linter can be disabled with `set_option linter.flexible false`
info: LeanCspProver/SA_Kung/SA_condition.lean:309:6: Try this:
  [apply] simp only [ne_eq] at hMem
info: LeanCspProver/SA_Kung/SA_condition.lean:313:10: 'exact Example1_in_base_ne (i := i) (j := j)' uses 'hMem'!
warning: LeanCspProver/SA_Kung/SA_condition.lean:309:6: 'simp [peF_rec, Faiures_in_def] at hMem' is a flexible tactic modifying 'hMem'. Try 'simp?' and use the suggested 'simp only [...]'. Alternatively, use `suffices` to explicitly state the simplified form.

Note: This linter can be disabled with `set_option linter.flexible false`
info: LeanCspProver/SA_Kung/SA_condition.lean:309:6: Try this:
  [apply] simp only [ne_eq] at hMem
info: LeanCspProver/SA_Kung/SA_condition.lean:314:10: 'rcases hMem with ⟨_, _, _, hInner⟩' uses 'hMem'!
warning: LeanCspProver/SA_Kung/SA_condition.lean:309:6: 'simp [peF_rec, Faiures_in_def] at hMem' is a flexible tactic modifying 'hMem'. Try 'simp?' and use the suggested 'simp only [...]'. Alternatively, use `suffices` to explicitly state the simplified form.

Note: This linter can be disabled with `set_option linter.flexible false`
info: LeanCspProver/SA_Kung/SA_condition.lean:309:6: Try this:
  [apply] simp only [ne_eq] at hMem
info: LeanCspProver/SA_Kung/SA_condition.lean:318:10: 'exact
  match hInner' with
  | Or.inl hBase => by
    simp at hBase
    rcases hBase with ⟨_, rfl⟩
    exact Example1_in_hori_base_ne (i := i) (j := j)
  | Or.inr hRec => by
    simp at hRec
    rcases hRec with ⟨_, _, _, _, hRec⟩
    exact Example1_BusyNetwork_out_lm (hAll := ih) hRec' uses 'hMem'!
warning: LeanCspProver/SA_Kung/SA_condition.lean:322:18: 'simp at hBase' is a flexible tactic modifying 'hBase'. Try 'simp?' and use the suggested 'simp only [...]'. Alternatively, use `suffices` to explicitly state the simplified form.

Note: This linter can be disabled with `set_option linter.flexible false`
info: LeanCspProver/SA_Kung/SA_condition.lean:322:18: Try this:
  [apply] simp only [ne_eq] at hBase
info: LeanCspProver/SA_Kung/SA_condition.lean:323:18: 'rcases hBase with ⟨_, rfl⟩' uses 'hBase'!
warning: LeanCspProver/SA_Kung/SA_condition.lean:322:18: 'simp at hBase' is a flexible tactic modifying 'hBase'. Try 'simp?' and use the suggested 'simp only [...]'. Alternatively, use `suffices` to explicitly state the simplified form.

Note: This linter can be disabled with `set_option linter.flexible false`
info: LeanCspProver/SA_Kung/SA_condition.lean:322:18: Try this:
  [apply] simp only [ne_eq] at hBase
info: LeanCspProver/SA_Kung/SA_condition.lean:324:18: 'exact Example1_in_hori_base_ne (i := i) (j := j)' uses 'hBase'!
warning: LeanCspProver/SA_Kung/SA_condition.lean:327:18: 'simp at hRec' is a flexible tactic modifying 'hRec'. Try 'simp?' and use the suggested 'simp only [...]'. Alternatively, use `suffices` to explicitly state the simplified form.

Note: This linter can be disabled with `set_option linter.flexible false`
info: LeanCspProver/SA_Kung/SA_condition.lean:327:18: Try this:
  [apply] simp only [ne_eq] at hRec
info: LeanCspProver/SA_Kung/SA_condition.lean:328:18: 'rcases hRec with ⟨_, _, _, _, hRec⟩' uses 'hRec'!
warning: LeanCspProver/SA_Kung/SA_condition.lean:327:18: 'simp at hRec' is a flexible tactic modifying 'hRec'. Try 'simp?' and use the suggested 'simp only [...]'. Alternatively, use `suffices` to explicitly state the simplified form.

Note: This linter can be disabled with `set_option linter.flexible false`
info: LeanCspProver/SA_Kung/SA_condition.lean:327:18: Try this:
  [apply] simp only [ne_eq] at hRec
info: LeanCspProver/SA_Kung/SA_condition.lean:329:18: 'exact Example1_BusyNetwork_out_lm (hAll := ih) hRec' uses 'hRec'!
warning: LeanCspProver/SA_Kung/SA_condition.lean:309:6: 'simp [peF_rec, Faiures_in_def] at hMem' is a flexible tactic modifying 'hMem'. Try 'simp?' and use the suggested 'simp only [...]'. Alternatively, use `suffices` to explicitly state the simplified form.

Note: This linter can be disabled with `set_option linter.flexible false`
info: LeanCspProver/SA_Kung/SA_condition.lean:309:6: Try this:
  [apply] simp only [ne_eq] at hMem
info: LeanCspProver/SA_Kung/SA_condition.lean:330:8: 'rcases hMem with ⟨_, _, _, _, hInner⟩' uses 'hMem'!
warning: LeanCspProver/SA_Kung/SA_condition.lean:309:6: 'simp [peF_rec, Faiures_in_def] at hMem' is a flexible tactic modifying 'hMem'. Try 'simp?' and use the suggested 'simp only [...]'. Alternatively, use `suffices` to explicitly state the simplified form.

Note: This linter can be disabled with `set_option linter.flexible false`
info: LeanCspProver/SA_Kung/SA_condition.lean:309:6: Try this:
  [apply] simp only [ne_eq] at hMem
info: LeanCspProver/SA_Kung/SA_condition.lean:334:8: 'exact
  match hInner' with
  | Or.inl hBase => by
    simp at hBase
    rcases hBase with ⟨_, rfl⟩
    exact Example1_in_vert_base_ne (i := i) (j := j)
  | Or.inr hRec => by
    simp at hRec
    rcases hRec with ⟨_, _, _, _, hRec⟩
    exact Example1_BusyNetwork_out_lm (hAll := ih) hRec' uses 'hMem'!
warning: LeanCspProver/SA_Kung/SA_condition.lean:338:16: 'simp at hBase' is a flexible tactic modifying 'hBase'. Try 'simp?' and use the suggested 'simp only [...]'. Alternatively, use `suffices` to explicitly state the simplified form.

Note: This linter can be disabled with `set_option linter.flexible false`
info: LeanCspProver/SA_Kung/SA_condition.lean:338:16: Try this:
  [apply] simp only [ne_eq] at hBase
info: LeanCspProver/SA_Kung/SA_condition.lean:339:16: 'rcases hBase with ⟨_, rfl⟩' uses 'hBase'!
warning: LeanCspProver/SA_Kung/SA_condition.lean:338:16: 'simp at hBase' is a flexible tactic modifying 'hBase'. Try 'simp?' and use the suggested 'simp only [...]'. Alternatively, use `suffices` to explicitly state the simplified form.

Note: This linter can be disabled with `set_option linter.flexible false`
info: LeanCspProver/SA_Kung/SA_condition.lean:338:16: Try this:
  [apply] simp only [ne_eq] at hBase
info: LeanCspProver/SA_Kung/SA_condition.lean:340:16: 'exact Example1_in_vert_base_ne (i := i) (j := j)' uses 'hBase'!
warning: LeanCspProver/SA_Kung/SA_condition.lean:343:16: 'simp at hRec' is a flexible tactic modifying 'hRec'. Try 'simp?' and use the suggested 'simp only [...]'. Alternatively, use `suffices` to explicitly state the simplified form.

Note: This linter can be disabled with `set_option linter.flexible false`
info: LeanCspProver/SA_Kung/SA_condition.lean:343:16: Try this:
  [apply] simp only [ne_eq] at hRec
info: LeanCspProver/SA_Kung/SA_condition.lean:344:16: 'rcases hRec with ⟨_, _, _, _, hRec⟩' uses 'hRec'!
warning: LeanCspProver/SA_Kung/SA_condition.lean:343:16: 'simp at hRec' is a flexible tactic modifying 'hRec'. Try 'simp?' and use the suggested 'simp only [...]'. Alternatively, use `suffices` to explicitly state the simplified form.

Note: This linter can be disabled with `set_option linter.flexible false`
info: LeanCspProver/SA_Kung/SA_condition.lean:343:16: Try this:
  [apply] simp only [ne_eq] at hRec
info: LeanCspProver/SA_Kung/SA_condition.lean:345:16: 'exact Example1_BusyNetwork_out_lm (hAll := ih) hRec' uses 'hRec'!
⚠ [8218/8232] Replayed LeanCspProver.SA_Kung.SA_expanding
warning: LeanCspProver/SA_Kung/SA_expanding.lean:86:100: This line exceeds the 100 character limit, please shorten it!

Note: This linter can be disabled with `set_option linter.style.longLine false`
⚠ [8220/8232] Replayed LeanCspProver.SA_Kung.SA_main
warning: LeanCspProver/SA_Kung/SA_main.lean:57:4: Try `simp at hMem` instead of `simpa using hMem`

Note: This linter can be disabled with `set_option linter.unnecessarySimpa false`
✔ [8223/8232] Built LeanCspProver.DM.DM5_Spc_Imp (11s)
✔ [8224/8232] Built LeanCspProver.FNF_F.FNF_F_sf (11s)
✔ [8225/8232] Built LeanCspProver.DM (11s)
✔ [8226/8232] Built LeanCspProver.FNF_F.FNF_F_nf (12s)
✔ [8227/8232] Built LeanCspProver.FNF_F.FNF_F_Main (11s)
✔ [8228/8232] Built LeanCspProver.FNF_F.FNF_F (11s)
✔ [8229/8232] Built LeanCspProver.FNF_F.DIV_Example (11s)
⚠ [8230/8232] Built LeanCspProver.FNF_F.Counter_EX (11s)
warning: LeanCspProver/FNF_F/Counter_EX.lean:103:41: try 'simp' instead of 'simpa'

Note: This linter can be disabled with `set_option linter.unnecessarySimpa false`
warning: LeanCspProver/FNF_F/Counter_EX.lean:117:8: try 'simp' instead of 'simpa'

Note: This linter can be disabled with `set_option linter.unnecessarySimpa false`
warning: LeanCspProver/FNF_F/Counter_EX.lean:118:6: try 'simp' instead of 'simpa'

Note: This linter can be disabled with `set_option linter.unnecessarySimpa false`
warning: LeanCspProver/FNF_F/Counter_EX.lean:124:4: try 'simp' instead of 'simpa'

Note: This linter can be disabled with `set_option linter.unnecessarySimpa false`
warning: LeanCspProver/FNF_F/Counter_EX.lean:107:27: Used `tac1 <;> tac2` where `(tac1; tac2)` would suffice

Note: This linter can be disabled with `set_option linter.unnecessarySeqFocus false`
warning: LeanCspProver/FNF_F/Counter_EX.lean:145:39: try 'simp' instead of 'simpa'

Note: This linter can be disabled with `set_option linter.unnecessarySimpa false`
warning: LeanCspProver/FNF_F/Counter_EX.lean:168:8: try 'simp' instead of 'simpa'

Note: This linter can be disabled with `set_option linter.unnecessarySimpa false`
Build completed successfully (8232 jobs).
